hour,dayOfWeek,month,temperature,previousConsumption,energyConsumption
0,3,1,5.61,1.2081,1.1824
1,3,1,6.88,1.132,1.0831
2,3,1,5.26,1.1229,1.2824
3,3,1,3.29,1.2039,1.1628
4,3,1,5.13,1.2137,1.293
5,3,1,3.28,1.0489,1.2157
6,3,1,6.76,5.683,5.6738
7,3,1,3.64,6.2965,6.1213
8,3,1,4.14,4.8082,5.0969
9,3,1,5.73,3.1666,3.2096
10,3,1,11.28,3.5625,3.8927
11,3,1,5.37,3.0849,3.4744
12,3,1,6.77,3.1156,3.4796
13,3,1,8.3,3.5042,3.4472
14,3,1,4.66,3.3974,3.3424
15,3,1,7.46,3.091,3.4055
16,3,1,6.74,2.8456,3.1974
17,3,1,5.14,3.6773,3.741
18,3,1,2.09,6.534,6.9379
19,3,1,3.72,5.1834,5.9381
20,3,1,3.27,6.2164,6.4549
21,3,1,4.33,6.4466,6.7102
22,3,1,6.42,1.6318,1.9059
23,3,1,4.08,1.7358,1.863
0,4,1,2.45,0.968,1.1234
1,4,1,5.99,1.1205,1.1406
2,4,1,4.15,1.2598,1.2818
3,4,1,4.38,1.14,1.2904
4,4,1,4.27,1.076,1.0819
5,4,1,5.97,1.0476,1.1024
6,4,1,5.96,5.4092,5.7591
7,4,1,4.8,5.1126,5.238
8,4,1,1.63,4.3293,4.9557
9,4,1,3.01,3.8046,3.8432
10,4,1,6.24,3.9165,3.8941
11,4,1,8.48,3.1271,3.4575
12,4,1,5.1,3.6123,3.8382
13,4,1,3.55,3.223,3.337
14,4,1,5.81,3.806,3.7996
15,4,1,5.94,3.3585,3.443
16,4,1,8.2,3.1432,3.6259
17,4,1,5.36,2.9555,3.115
18,4,1,6.67,5.1766,5.9455
19,4,1,2.62,6.1958,5.9861
20,4,1,4.22,6.0619,6.2611
21,4,1,4.56,6.829,7.2154
22,4,1,5.63,1.7049,1.7997
23,4,1,10.83,2.1314,2.2102
0,5,1,0.74,0.7267,0.793
1,5,1,4.17,0.7071,0.8277
2,5,1,7.13,0.8077,0.9199
3,5,1,2.93,0.7493,0.7611
4,5,1,4.89,0.8891,0.8858
5,5,1,6.97,0.8278,0.9239
6,5,1,3.07,3.605,3.9007
7,5,1,3.36,3.7769,4.1348
8,5,1,6.86,3.485,3.6568
9,5,1,4.92,2.3895,2.7064
10,5,1,6.09,2.5288,2.4118
11,5,1,7.35,2.6693,2.5962
12,5,1,6.76,2.2474,2.4611
13,5,1,7.44,2.3535,2.5451
14,5,1,7.86,2.3421,2.5951
15,5,1,4.55,2.0094,2.2977
16,5,1,8.45,1.9897,2.2461
17,5,1,7.92,2.3746,2.6702
18,5,1,3.21,5.0682,4.8529
19,5,1,4.99,3.5486,4.1611
20,5,1,7.81,4.0879,4.1479
21,5,1,0.9,4.5061,4.5569
22,5,1,2.56,1.3132,1.2991
23,5,1,6.83,1.2971,1.4803
0,6,1,4.03,0.7581,0.7999
1,6,1,6.08,0.8455,0.9319
2,6,1,3.61,0.7152,0.7442
3,6,1,5.35,0.6678,0.7605
4,6,1,5.46,0.9052,0.934
5,6,1,3.29,0.8504,0.9014
6,6,1,3.82,2.9681,3.4045
7,6,1,3.54,3.6975,4.1243
8,6,1,4.67,4.0409,3.948
9,6,1,9.42,2.2183,2.3986
10,6,1,9.25,2.599,2.5393
11,6,1,4.07,2.0654,2.3017
12,6,1,4.81,2.2962,2.6361
13,6,1,4.66,2.2029,2.5055
14,6,1,10.46,2.055,2.3385
15,6,1,8.55,2.0436,2.2533
16,6,1,4.73,1.8997,2.2239
17,6,1,4.47,1.944,2.2587
18,6,1,5.94,4.409,4.7473
19,6,1,5.7,4.6688,4.5549
20,6,1,3.56,3.5908,4.0515
21,6,1,10.63,4.1234,4.2763
22,6,1,5.77,1.1546,1.2485
23,6,1,5.52,1.2873,1.2662
0,0,1,5.53,1.1502,1.3224
1,0,1,6.85,1.3764,1.316
2,0,1,4.06,1.253,1.2805
3,0,1,4.42,1.0479,1.0948
4,0,1,5.31,1.2281,1.303
5,0,1,4.53,1.1203,1.2402
6,0,1,4.26,5.1063,5.4708
7,0,1,8.45,4.9166,5.3251
8,0,1,4.34,5.2723,5.3409
9,0,1,4.33,4.006,3.877
10,0,1,10.46,3.2118,3.3558
11,0,1,10.49,3.6676,3.6282
12,0,1,6.41,3.278,3.6117
13,0,1,8.98,3.2141,3.25
14,0,1,6.62,3.1251,3.5961
15,0,1,10.64,3.2682,3.151
16,0,1,4.87,3.925,3.8855
17,0,1,8.02,3.7711,3.7374
18,0,1,2.97,5.9197,6.1153
19,0,1,3.66,5.9079,6.6812
20,0,1,7.31,6.2374,6.613
21,0,1,5.61,6.9798,6.9117
22,0,1,8.23,2.122,2.0478
23,0,1,6.18,1.5756,1.8162
0,1,1,5.74,1.1823,1.1766
1,1,1,6.63,1.1863,1.1521
2,1,1,5.47,1.0464,1.1339
3,1,1,4.7,0.9687,1.1014
4,1,1,7.0,1.0954,1.1821
5,1,1,7.96,1.2605,1.2153
6,1,1,5.4,5.0638,5.4728
7,1,1,7.66,6.0203,5.7874
8,1,1,6.11,5.828,5.9627
9,1,1,0.99,3.5285,3.5741
10,1,1,7.22,3.5138,3.4616
11,1,1,4.5,3.2519,3.4652
12,1,1,7.88,3.8756,3.8515
13,1,1,4.17,4.0187,3.9175
14,1,1,6.06,3.2961,3.783
15,1,1,7.28,3.2488,3.156
16,1,1,6.06,2.8838,3.2823
17,1,1,5.39,3.3508,3.2465
18,1,1,6.04,4.9162,5.7764
19,1,1,6.66,6.7339,6.6652
20,1,1,2.04,6.069,7.0451
21,1,1,6.5,7.1991,7.1674
22,1,1,7.18,1.8553,2.1622
23,1,1,3.46,1.7306,1.82
0,2,1,7.71,1.2625,1.2374
1,2,1,3.81,1.1264,1.2676
2,2,1,4.28,1.3185,1.2605
3,2,1,2.24,1.043,1.0717
4,2,1,5.95,1.3,1.3106
5,2,1,6.86,0.9598,1.0824
6,2,1,2.86,5.4824,5.4453
7,2,1,4.62,4.9187,5.5956
8,2,1,7.64,5.0576,5.2378
9,2,1,7.13,3.7636,3.6254
10,2,1,7.77,3.2644,3.507
11,2,1,10.9,2.7884,3.1801
12,2,1,7.32,3.1211,3.336
13,2,1,7.67,3.3687,3.6131
14,2,1,5.33,3.1573,3.2628
15,2,1,4.77,2.904,3.1103
16,2,1,8.87,3.1534,3.2695
17,2,1,5.7,3.5948,3.6697
18,2,1,5.37,6.2598,6.2133
19,2,1,7.13,6.2345,6.393
20,2,1,10.2,6.5025,6.5199
21,2,1,5.18,6.8042,7.1568
22,2,1,4.66,1.9572,2.1439
23,2,1,3.3,1.7439,1.9972
0,3,1,6.33,1.1182,1.2985
1,3,1,4.43,1.0193,1.1522
2,3,1,6.87,1.0831,1.2699
3,3,1,1.02,1.2043,1.3027
4,3,1,6.79,1.0741,1.229
5,3,1,-0.93,1.6769,1.5984
6,3,1,5.87,5.185,5.2505
7,3,1,1.88,5.2352,5.352
8,3,1,4.83,4.8858,5.116
9,3,1,6.34,3.2749,3.2194
10,3,1,10.26,3.6102,3.547
11,3,1,9.67,3.0059,3.1989
12,3,1,6.11,3.1506,3.1472
13,3,1,7.52,3.0578,3.4742
14,3,1,5.12,3.3,3.842
15,3,1,3.87,3.1525,3.3253
16,3,1,7.3,3.029,3.4944
17,3,1,1.63,3.7034,3.7886
18,3,1,4.64,6.783,6.7655
19,3,1,5.41,6.0271,6.2919
20,3,1,6.33,6.661,7.0374
21,3,1,5.59,6.7034,7.0491
22,3,1,4.39,2.0828,2.0418
23,3,1,2.51,1.912,1.9994
0,4,1,3.22,1.21,1.1708
1,4,1,5.1,1.0161,1.1071
2,4,1,6.48,1.1009,1.0631
3,4,1,6.1,1.1099,1.1446
4,4,1,4.86,1.1254,1.1361
5,4,1,5.38,1.304,1.3388
6,4,1,7.5,6.0243,5.8451
7,4,1,0.18,6.1506,6.1114
8,4,1,2.86,4.9731,4.9906
9,4,1,2.65,3.4766,3.5446
10,4,1,10.22,3.5462,3.907
11,4,1,10.64,3.4106,3.71
12,4,1,3.7,3.1314,3.1144
13,4,1,5.96,3.6851,3.9079
14,4,1,3.45,3.4557,3.4257
15,4,1,9.55,3.5835,3.5466
16,4,1,6.08,3.2332,3.771
17,4,1,1.63,2.721,3.1209
18,4,1,5.47,6.8651,6.8327
19,4,1,3.39,6.9434,6.8735
20,4,1,5.48,5.93,6.0859
21,4,1,4.12,5.4574,5.727
22,4,1,3.76,1.6505,1.7742
23,4,1,4.18,1.869,2.0824
0,5,1,0.17,0.8261,0.8094
1,5,1,4.19,0.7976,0.8582
2,5,1,4.43,0.8147,0.9179
3,5,1,6.16,0.8029,0.8081
4,5,1,6.4,0.8552,0.9405
5,5,1,4.33,0.7399,0.7668
6,5,1,1.54,3.8745,3.7505
7,5,1,8.7,3.242,3.5122
8,5,1,2.79,3.0511,3.5746
9,5,1,3.26,2.3234,2.5291
10,5,1,6.35,2.7211,2.72
11,5,1,5.2,2.3916,2.3233
12,5,1,3.59,2.422,2.3473
13,5,1,5.95,2.5099,2.5925
14,5,1,7.54,2.0948,2.332
15,5,1,8.67,2.3033,2.2474
16,5,1,5.77,2.507,2.4862
17,5,1,4.67,2.2816,2.4138
18,5,1,7.5,4.8019,4.7407
19,5,1,4.0,4.3146,4.864
20,5,1,6.58,4.0354,4.1153
21,5,1,4.15,4.2745,4.5639
22,5,1,6.9,1.3533,1.5545
23,5,1,3.44,1.1347,1.3147
0,6,1,3.17,0.7695,0.8432
1,6,1,4.51,0.706,0.7617
2,6,1,7.1,0.7844,0.88
3,6,1,6.12,0.7641,0.8187
4,6,1,4.97,0.779,0.7618
5,6,1,4.98,0.7978,0.8416
6,6,1,1.87,3.8097,3.7865
7,6,1,2.96,3.3183,3.6286
8,6,1,0.44,3.7803,3.8314
9,6,1,7.92,2.4353,2.3505
10,6,1,4.72,2.4083,2.4269
11,6,1,7.12,1.9166,2.1839
12,6,1,7.56,1.9186,2.1614
13,6,1,8.61,2.1634,2.2211
14,6,1,9.0,2.4111,2.4907
15,6,1,3.28,2.2034,2.1588
16,6,1,8.6,2.262,2.2517
17,6,1,3.21,2.3833,2.3055
18,6,1,2.97,4.8818,4.6629
19,6,1,7.27,4.4697,4.892
20,6,1,6.28,4.1626,4.66
21,6,1,6.27,3.7662,4.3509
22,6,1,5.68,1.1513,1.3484
23,6,1,3.89,1.4633,1.4757
0,0,1,8.46,1.1795,1.1473
1,0,1,7.7,0.9598,1.0923
2,0,1,2.81,1.0521,1.1058
3,0,1,2.39,0.9021,1.0572
4,0,1,8.6,1.0718,1.2244
5,0,1,5.5,1.2536,1.3095
6,0,1,2.84,4.4731,5.2006
7,0,1,2.5,5.1387,5.2291
8,0,1,1.43,4.7139,4.864
9,0,1,7.12,3.4355,3.8141
10,0,1,5.31,3.2941,3.545
11,0,1,7.76,3.5546,3.6896
12,0,1,6.74,3.6477,3.9061
13,0,1,7.43,3.1189,3.0905
14,0,1,7.51,2.9737,3.4227
15,0,1,7.62,3.3658,3.4118
16,0,1,5.55,3.4433,3.8877
17,0,1,7.88,3.9252,3.8015
18,0,1,2.68,6.4316,6.4529
19,0,1,5.06,6.0172,6.3113
20,0,1,7.43,6.9058,6.8606
21,0,1,8.12,6.0644,5.8832
22,0,1,3.49,1.8644,2.1431
23,0,1,7.85,1.8092,2.1169
0,1,1,8.81,1.1575,1.1646
1,1,1,4.81,1.0689,1.1697
2,1,1,11.36,1.1399,1.2233
3,1,1,6.94,1.2505,1.3254
4,1,1,6.82,1.0817,1.1646
5,1,1,5.03,1.0885,1.1029
6,1,1,1.13,5.4826,6.1005
7,1,1,2.12,5.9875,5.8346
8,1,1,3.61,4.5305,5.1068
9,1,1,4.19,3.1327,3.4735
10,1,1,7.56,3.6303,3.4845
11,1,1,7.13,3.0492,3.4962
12,1,1,6.98,3.3375,3.3276
13,1,1,6.94,4.0174,3.8374
14,1,1,4.78,3.3542,3.8805
15,1,1,7.58,3.2043,3.3358
16,1,1,-0.0,4.4273,4.5486
17,1,1,3.88,2.8991,3.2189
18,1,1,4.38,6.8153,7.049
19,1,1,3.28,5.7135,6.1818
20,1,1,5.78,6.9365,6.9056
21,1,1,8.18,6.284,7.1888
22,1,1,4.55,1.6326,1.8082
23,1,1,2.85,1.7219,1.8462
0,2,1,6.11,1.1177,1.1266
1,2,1,7.32,1.2005,1.3079
2,2,1,6.06,1.0136,1.1275
3,2,1,4.36,1.3633,1.3267
4,2,1,3.86,1.1426,1.2051
5,2,1,4.66,1.1342,1.2105
6,2,1,5.15,5.2084,5.0059
7,2,1,7.33,5.383,6.0982
8,2,1,6.18,4.606,5.1142
9,2,1,6.88,3.286,3.1799
10,2,1,8.77,3.3862,3.5908
11,2,1,7.58,3.1298,3.5268
12,2,1,1.14,3.7611,3.7674
13,2,1,3.55,3.3179,3.2084
14,2,1,4.68,2.8676,3.1221
15,2,1,6.03,3.6037,3.6031
16,2,1,5.82,3.3713,3.258
17,2,1,3.0,3.0759,3.6168
18,2,1,2.27,5.3109,6.1582
19,2,1,6.85,5.2135,5.9213
20,2,1,4.79,6.5506,6.333
21,2,1,3.0,6.4569,6.8528
22,2,1,4.18,1.9343,2.0479
23,2,1,5.93,1.704,1.9245
0,3,1,6.47,1.1152,1.2997
1,3,1,2.19,1.3129,1.313
2,3,1,6.21,1.1873,1.209
3,3,1,6.74,1.2269,1.3289
4,3,1,7.63,1.128,1.1721
5,3,1,6.53,1.2404,1.2026
6,3,1,6.65,5.2299,5.6941
7,3,1,4.17,4.7441,5.4209
8,3,1,5.68,5.613,5.7211
9,3,1,6.51,2.8344,3.0966
10,3,1,9.88,3.8163,3.7336
11,3,1,4.91,3.189,3.641
12,3,1,6.45,2.8983,3.1965
13,3,1,7.68,3.4237,3.8447
14,3,1,8.23,3.8181,3.6692
15,3,1,2.64,3.2122,3.2943
16,3,1,7.09,3.6267,3.8999
17,3,1,4.0,2.8826,3.0995
18,3,1,5.0,6.2636,6.672
19,3,1,6.61,6.4489,7.0522
20,3,1,6.95,6.3314,6.4841
21,3,1,3.48,6.2995,6.101
22,3,1,6.09,2.2636,2.1648
23,3,1,2.52,2.1324,2.127
0,4,1,9.89,1.0664,1.1875
1,4,1,5.3,1.0272,1.1393
2,4,1,5.89,1.0494,1.1741
3,4,1,4.09,1.152,1.3038
4,4,1,4.88,1.1638,1.1528
5,4,1,7.89,1.1012,1.0958
6,4,1,2.77,5.6211,5.3549
7,4,1,3.17,4.7132,5.0432
8,4,1,10.62,6.3517,6.0714
9,4,1,5.49,3.222,3.1959
10,4,1,7.12,3.7571,3.8233
11,4,1,4.2,3.3457,3.7793
12,4,1,6.45,3.3672,3.5438
13,4,1,8.59,3.8039,3.6283
14,4,1,9.45,3.146,3.16
15,4,1,8.95,3.1541,3.3474
16,4,1,6.23,3.0746,3.1232
17,4,1,2.81,3.8029,3.7415
18,4,1,3.41,5.8241,6.37
19,4,1,7.97,6.6095,6.9702
20,4,1,4.52,6.0979,5.9445
21,4,1,7.27,5.7019,5.9595
22,4,1,3.02,1.5177,1.7853
23,4,1,3.5,1.8269,2.1318
0,5,1,4.46,0.7998,0.9051
1,5,1,4.51,0.9261,0.9127
2,5,1,4.47,0.7855,0.9044
3,5,1,4.67,0.8005,0.8879
4,5,1,5.07,0.8409,0.8408
5,5,1,8.44,0.727,0.8134
6,5,1,3.91,3.5671,4.0824
7,5,1,5.95,3.1428,3.5509
8,5,1,7.06,3.9368,3.7562
9,5,1,5.55,2.3872,2.5403
10,5,1,7.22,2.791,2.6705
11,5,1,2.1,2.0289,2.2691
12,5,1,6.27,2.3189,2.326
13,5,1,5.03,2.5189,2.4799
14,5,1,10.6,1.8674,2.1716
15,5,1,4.7,2.2027,2.4419
16,5,1,3.0,2.6415,2.6017
17,5,1,3.48,2.1542,2.3826
18,5,1,5.83,4.1861,4.3477
19,5,1,3.4,3.4656,4.0762
20,5,1,2.25,4.8775,4.9808
21,5,1,6.23,4.6975,4.9762
22,5,1,7.02,1.3328,1.5463
23,5,1,8.87,1.2704,1.4288
0,6,1,3.15,0.6805,0.7824
1,6,1,2.35,0.7298,0.8244
2,6,1,4.8,0.8342,0.9126
3,6,1,3.58,0.6914,0.7503
4,6,1,5.6,0.7684,0.8623
5,6,1,4.63,0.8061,0.9266
6,6,1,2.24,3.4034,3.4946
7,6,1,2.61,4.1792,4.1756
8,6,1,7.58,4.0652,3.8741
9,6,1,3.2,2.1881,2.3919
10,6,1,5.85,2.5232,2.4952
11,6,1,5.9,2.5941,2.7314
12,6,1,7.17,2.3108,2.3897
13,6,1,7.05,2.0837,2.3448
14,6,1,10.1,2.5796,2.6653
15,6,1,10.37,2.2437,2.3963
16,6,1,5.14,2.7997,2.7009
17,6,1,4.66,2.2091,2.3496
18,6,1,8.03,4.426,4.5083
19,6,1,3.55,4.0022,4.3542
20,6,1,4.92,3.6277,4.1073
21,6,1,7.0,3.9546,4.4289
22,6,1,4.11,1.3395,1.4859
23,6,1,3.33,1.4965,1.5436
0,0,1,6.19,1.113,1.0711
1,0,1,4.25,1.2769,1.3221
2,0,1,5.05,1.0523,1.0671
3,0,1,5.73,1.0623,1.0636
4,0,1,0.66,1.1308,1.199
5,0,1,5.12,1.175,1.2826
6,0,1,4.95,5.1352,5.3324
7,0,1,5.34,5.0771,5.052
8,0,1,0.74,5.7872,5.5482
9,0,1,1.85,3.3715,3.7987
10,0,1,5.07,3.5309,3.8176
11,0,1,1.91,3.5594,3.7612
12,0,1,6.5,3.7935,3.905
13,0,1,9.47,3.1654,3.3908
14,0,1,4.64,3.8133,3.7476
15,0,1,7.81,3.4181,3.3352
16,0,1,4.59,3.3158,3.5172
17,0,1,7.38,3.1647,3.2172
18,0,1,4.96,5.736,6.6852
19,0,1,6.93,5.8346,6.5347
20,0,1,4.75,5.5259,6.014
21,0,1,2.85,6.7012,7.1978
22,0,1,5.82,1.9295,2.2277
23,0,1,6.32,2.1278,2.1783
0,1,1,3.4,1.0116,1.1801
1,1,1,3.95,1.3982,1.3421
2,1,1,5.65,1.1464,1.2593
3,1,1,4.78,1.1087,1.069
4,1,1,2.42,0.9394,1.0898
5,1,1,8.83,1.0535,1.1009
6,1,1,3.99,5.1947,5.589
7,1,1,4.24,5.1387,4.9233
8,1,1,6.72,4.6177,5.09
9,1,1,2.75,3.2333,3.1592
10,1,1,8.92,3.9479,3.7772
11,1,1,7.81,3.3899,3.8724
12,1,1,7.73,3.3922,3.5384
13,1,1,7.58,3.8611,3.8963
14,1,1,1.27,3.2115,3.4634
15,1,1,3.5,2.9587,3.4089
16,1,1,2.83,3.5081,3.7351
17,1,1,3.66,3.0804,3.5943
18,1,1,5.92,6.3138,6.0411
19,1,1,6.21,6.7675,6.5246
20,1,1,2.18,5.2352,6.0887
21,1,1,4.59,5.1731,5.8188
22,1,1,6.39,2.1044,2.198
23,1,1,4.98,1.8757,1.8569
0,2,1,9.46,1.3568,1.3049
1,2,1,7.74,0.9687,1.0821
2,2,1,6.99,1.2296,1.3284
3,2,1,4.57,1.0742,1.2117
4,2,1,7.8,1.2249,1.2441
5,2,1,6.65,1.1155,1.1218
6,2,1,6.49,5.3933,6.0764
7,2,1,3.26,5.2435,5.4969
8,2,1,4.83,5.6816,5.4164
9,2,1,2.51,3.2529,3.4815
10,2,1,7.72,3.2045,3.5781
11,2,1,6.71,3.2672,3.1227
12,2,1,10.03,3.6229,3.8333
13,2,1,6.35,3.6939,3.7707
14,2,1,6.21,3.3626,3.4397
15,2,1,11.6,3.3196,3.6101
16,2,1,5.71,3.7978,3.6444
17,2,1,3.29,3.4798,3.4371
18,2,1,5.08,6.4702,6.8691
19,2,1,2.15,6.0307,6.8825
20,2,1,7.25,6.6942,6.6978
21,2,1,4.62,5.3595,6.1452
22,2,1,2.09,1.6315,1.8341
23,2,1,5.9,2.0676,2.0141
0,3,1,5.66,1.1151,1.2599
1,3,1,6.76,1.0499,1.1938
2,3,1,5.36,1.0022,1.1448
3,3,1,3.75,1.0878,1.259
4,3,1,2.79,1.2808,1.2813
5,3,1,6.42,1.2018,1.1851
6,3,1,3.75,4.7063,5.3163
7,3,1,4.58,4.812,5.3575
8,3,1,4.91,4.7528,5.2543
9,3,1,5.14,3.1403,3.4486
10,3,1,3.01,3.2869,3.2782
11,3,1,5.57,3.4234,3.4983
12,3,1,3.13,3.812,3.919
13,3,1,6.53,3.8751,3.8432
14,3,1,9.16,2.6859,3.1482
15,3,1,2.73,3.2557,3.4952
16,3,1,5.62,3.6052,3.5438
17,3,1,9.02,3.2973,3.2691
18,3,1,1.63,7.4507,7.2719
19,3,1,4.48,5.7777,6.2104
20,3,1,4.79,6.9175,6.6658
21,3,1,1.44,5.991,6.5889
22,3,1,5.79,1.5971,1.8537
23,3,1,3.84,1.9862,1.9534
0,4,1,3.74,0.9836,1.1113
1,4,1,6.62,1.1692,1.1322
2,4,1,5.28,1.2673,1.2512
3,4,1,3.12,1.1843,1.1355
4,4,1,5.32,1.1049,1.1798
5,4,1,5.05,1.285,1.2794
6,4,1,4.97,5.3042,5.9424
7,4,1,5.06,5.867,5.5939
8,4,1,5.69,4.8782,5.1146
9,4,1,6.1,2.931,3.1548
10,4,1,3.76,3.0114,3.3921
11,4,1,5.03,3.2391,3.4244
12,4,1,4.18,3.5763,3.6195
13,4,1,7.76,3.1884,3.4259
14,4,1,7.48,3.2733,3.2865
15,4,1,6.89,2.9839,3.1621
16,4,1,2.16,3.0505,3.2357
17,4,1,6.02,3.8669,3.7487
18,4,1,4.23,5.5511,6.135
19,4,1,4.91,6.1605,5.9307
20,4,1,6.06,6.1879,6.0705
21,4,1,5.65,5.0956,5.7748
22,4,1,5.09,1.9055,2.1358
23,4,1,5.38,2.2111,2.1685
0,5,1,8.18,0.767,0.7494
1,5,1,2.56,0.8657,0.864
2,5,1,4.97,0.9304,0.8966
3,5,1,1.47,0.8491,0.8282
4,5,1,4.59,0.9019,0.8893
5,5,1,0.17,0.6849,0.763
6,5,1,5.11,3.7258,3.8549
7,5,1,4.64,4.2494,4.1151
8,5,1,7.55,4.0099,4.0685
9,5,1,4.53,2.2874,2.2669
10,5,1,3.48,2.6671,2.5804
11,5,1,11.77,2.3102,2.363
12,5,1,10.6,2.3771,2.7361
13,5,1,7.45,2.4219,2.6708
14,5,1,5.6,2.4906,2.3811
15,5,1,7.27,2.3426,2.3332
16,5,1,1.77,2.4666,2.5125
17,5,1,3.55,1.9404,2.1704
18,5,1,2.95,4.3843,4.6194
19,5,1,3.72,4.4852,4.3843
20,5,1,5.5,4.6101,4.4369
21,5,1,3.93,4.3478,4.8227
22,5,1,2.24,1.5229,1.4827
23,5,1,2.5,1.4188,1.4105
0,6,1,9.75,0.6721,0.7857
1,6,1,2.74,0.8621,0.8823
2,6,1,0.35,0.8,0.8464
3,6,1,4.09,0.7731,0.8683
4,6,1,4.67,0.8305,0.9028
5,6,1,6.28,0.8018,0.7676
6,6,1,5.25,3.8855,4.2398
7,6,1,6.21,3.1106,3.5837
8,6,1,2.2,3.6195,3.4539
9,6,1,7.25,2.2685,2.2339
10,6,1,5.94,2.5492,2.6114
11,6,1,6.82,2.416,2.5314
12,6,1,4.12,2.2236,2.4191
13,6,1,4.26,2.2768,2.2558
14,6,1,7.22,2.02,2.2463
15,6,1,8.01,2.3201,2.3502
16,6,1,3.45,2.2083,2.2017
17,6,1,4.02,2.2555,2.2834
18,6,1,3.76,4.1694,4.3262
19,6,1,7.2,4.4912,4.6093
20,6,1,9.54,4.1087,4.6849
21,6,1,2.65,4.6769,4.7408
22,6,1,2.89,1.2879,1.3821
23,6,1,2.57,1.226,1.3067
0,0,1,10.62,1.1422,1.1243
1,0,1,4.1,1.2043,1.275
2,0,1,8.41,1.2784,1.2345
3,0,1,2.31,1.1725,1.2083
4,0,1,7.92,1.0262,1.0767
5,0,1,0.13,1.2537,1.3214
6,0,1,7.43,5.7442,6.1101
7,0,1,5.6,4.455,5.1263
8,0,1,4.98,5.431,5.4102
9,0,1,1.3,2.9951,3.107
10,0,1,6.7,3.4195,3.8705
11,0,1,6.92,3.2813,3.354
12,0,1,6.18,3.3319,3.7181
13,0,1,7.95,3.5044,3.5002
14,0,1,8.92,3.5067,3.919
15,0,1,7.55,2.9698,3.2904
16,0,1,4.08,4.1027,3.9146
17,0,1,5.97,3.6963,3.6168
18,0,1,6.54,5.7706,6.038
19,0,1,3.24,5.8088,6.193
20,0,1,8.12,7.4832,7.2567
21,0,1,6.49,5.6129,6.1398
22,0,1,5.83,1.9299,2.0292
23,0,1,5.44,1.9557,1.956
0,1,1,3.2,1.0078,1.1512
1,1,1,6.76,1.2219,1.301
2,1,1,0.92,1.2247,1.2747
3,1,1,4.23,1.0157,1.1471
4,1,1,5.46,0.9797,1.1352
5,1,1,5.95,1.0453,1.2235
6,1,1,7.09,4.9004,5.0451
7,1,1,6.31,4.6888,5.4246
8,1,1,7.05,5.1293,6.0188
9,1,1,4.58,3.6853,3.8393
10,1,1,7.47,3.1918,3.2503
11,1,1,5.77,3.7291,3.5835
12,1,1,3.34,3.1504,3.3322
13,1,1,9.85,2.8083,3.2685
14,1,1,9.84,3.1395,3.6776
15,1,1,2.98,3.5199,3.621
16,1,1,5.4,3.732,3.7608
17,1,1,7.05,3.377,3.479
18,1,1,0.69,5.1772,5.7864
19,1,1,1.9,5.6358,6.3657
20,1,1,2.85,6.378,7.1641
21,1,1,6.21,5.949,5.7479
22,1,1,2.68,1.7704,1.7658
23,1,1,4.06,2.2917,2.1948
0,2,1,6.02,1.1,1.0785
1,2,1,7.38,1.151,1.233
2,2,1,7.05,1.098,1.1002
3,2,1,2.81,1.2912,1.2662
4,2,1,7.26,1.0975,1.2028
5,2,1,3.83,1.1706,1.2671
6,2,1,6.46,4.8363,5.1298
7,2,1,3.27,5.1878,5.8091
8,2,1,8.21,5.4478,5.3392
9,2,1,3.65,3.7269,3.5997
10,2,1,7.19,3.8359,3.6621
11,2,1,6.24,3.1064,3.1543
12,2,1,5.18,2.9673,3.1398
13,2,1,7.11,3.044,3.3195
14,2,1,5.69,3.5821,3.5169
15,2,1,8.82,3.8035,3.8805
16,2,1,3.83,3.6241,3.8235
17,2,1,4.46,3.1682,3.2083
18,2,1,5.97,5.4144,6.1671
19,2,1,4.14,6.0759,6.3664
20,2,1,4.39,5.6135,5.77
21,2,1,2.32,5.8721,6.7361
22,2,1,5.43,1.7689,1.8792
23,2,1,5.34,1.989,2.1489
0,3,1,4.5,1.0482,1.2269
1,3,1,5.4,1.0794,1.1553
2,3,1,2.28,1.3308,1.2815
3,3,1,5.46,1.2326,1.2292
4,3,1,5.78,1.2526,1.2828
5,3,1,3.94,1.1491,1.3385
6,3,1,3.67,4.891,5.562
7,3,1,2.19,5.2421,6.1437
8,3,1,2.78,5.4451,5.9523
9,3,1,2.47,3.6869,3.9016
10,3,1,6.98,3.499,3.8741
11,3,1,6.94,2.9502,3.1562
12,3,1,7.95,3.6569,3.502
13,3,1,7.26,3.5806,3.5038
14,3,1,4.06,3.3847,3.3148
15,3,1,7.41,3.6855,3.5258
16,3,1,4.01,2.8539,3.3332
17,3,1,5.23,3.2027,3.2482
18,3,1,6.99,6.1137,6.7727
19,3,1,6.85,6.2226,6.2642
20,3,1,3.47,6.4126,6.2836
21,3,1,6.32,6.2353,6.0536
22,3,1,2.75,1.6879,1.7787
23,3,1,7.32,1.8734,1.8745
0,4,1,5.11,1.3366,1.2884
1,4,1,1.38,1.2514,1.2606
2,4,1,2.11,1.0188,1.1544
3,4,1,5.76,1.0712,1.2096
4,4,1,6.93,1.0977,1.0601
5,4,1,4.61,0.9304,1.0674
6,4,1,1.04,4.4555,5.2016
7,4,1,3.85,4.7163,5.0947
8,4,1,5.11,4.8411,5.2875
9,4,1,5.81,2.7614,3.1012
10,4,1,7.32,4.052,3.9123
11,4,1,6.81,3.2196,3.5267
12,4,1,7.94,3.7926,3.7224
13,4,1,7.26,3.4565,3.4449
14,4,1,8.57,3.4588,3.3391
15,4,1,3.38,3.9309,3.9152
16,4,1,1.57,3.1114,3.6312
17,4,1,4.44,3.6406,3.7513
18,4,1,2.91,5.3159,5.8727
19,4,1,5.78,5.437,5.7862
20,4,1,5.4,5.9212,6.3327
21,4,1,5.13,6.3183,6.1417
22,4,1,6.55,1.8224,1.9173
23,4,1,3.38,1.7904,1.8835
0,5,1,5.39,0.7803,0.8101
1,5,1,5.84,0.816,0.9053
2,5,1,9.68,0.9365,0.8974
3,5,1,3.4,0.7335,0.7678
4,5,1,6.69,0.8742,0.9042
5,5,1,4.81,0.809,0.9266
6,5,1,5.79,3.4938,4.0542
7,5,1,3.11,3.5765,4.1419
8,5,1,5.25,3.5637,3.6269
9,5,1,3.31,2.7853,2.707
10,5,1,8.2,2.2699,2.3461
11,5,1,8.35,2.1294,2.4163
12,5,1,5.11,2.5822,2.7439
13,5,1,9.6,2.5237,2.4396
14,5,1,9.49,2.3029,2.223
15,5,1,5.52,2.1562,2.3411
16,5,1,2.84,2.1318,2.4007
17,5,1,5.67,2.2843,2.3049
18,5,1,6.02,3.9684,4.0463
19,5,1,9.24,4.1005,4.7198
20,5,1,3.0,4.9431,4.8214
21,5,1,4.76,4.0213,4.3536
22,5,1,6.1,1.1481,1.3317
23,5,1,3.0,1.2216,1.3175
0,6,2,2.79,0.7725,0.792
1,6,2,6.07,0.7739,0.8088
2,6,2,6.15,0.7891,0.8156
3,6,2,8.66,0.8714,0.8444
4,6,2,7.38,0.7028,0.751
5,6,2,8.08,0.8834,0.9381
6,6,2,10.06,3.4201,3.9073
7,6,2,6.52,3.8366,3.8571
8,6,2,3.53,3.8599,3.9691
9,6,2,6.67,2.7145,2.6514
10,6,2,8.97,2.218,2.483
11,6,2,12.87,2.3699,2.5373
12,6,2,6.34,2.3336,2.3553
13,6,2,6.65,2.2721,2.211
14,6,2,8.32,2.0654,2.2735
15,6,2,10.96,2.5007,2.5724
16,6,2,8.39,2.0005,2.3319
17,6,2,3.34,1.8563,2.1814
18,6,2,8.83,5.0467,5.0402
19,6,2,7.85,4.2501,4.5348
20,6,2,4.14,4.282,4.5737
21,6,2,8.67,5.229,4.9847
22,6,2,4.93,1.2063,1.3613
23,6,2,7.46,1.1757,1.3286
0,0,2,6.07,1.2395,1.1989
1,0,2,7.33,1.0007,1.0753
2,0,2,8.32,1.1851,1.1317
3,0,2,3.94,1.0738,1.1131
4,0,2,2.53,1.1319,1.2232
5,0,2,8.71,1.0254,1.0959
6,0,2,7.23,5.5306,5.9861
7,0,2,8.44,4.3596,4.9313
8,0,2,8.78,5.2649,5.8008
9,0,2,8.83,3.2064,3.1358
10,0,2,7.0,2.6965,3.1547
11,0,2,7.52,3.4057,3.797
12,0,2,7.63,3.4693,3.438
13,0,2,12.37,3.6679,3.5006
14,0,2,9.02,3.2502,3.7778
15,0,2,11.24,3.7597,3.8245
16,0,2,7.23,3.0824,3.3012
17,0,2,10.97,3.3155,3.518
18,0,2,9.02,5.578,6.1965
19,0,2,1.73,6.0993,5.9539
20,0,2,9.44,5.8621,5.9287
21,0,2,4.7,5.3604,6.0906
22,0,2,6.43,1.787,1.7827
23,0,2,12.03,1.7809,1.7815
0,1,2,8.19,1.228,1.2265
1,1,2,2.39,1.0264,1.0591
2,1,2,4.56,1.0035,1.1302
3,1,2,9.5,1.1786,1.2159
4,1,2,7.74,1.3092,1.2729
5,1,2,4.13,1.0834,1.1272
6,1,2,7.15,5.4673,5.2753
7,1,2,9.64,5.7183,6.1265
8,1,2,7.46,4.7782,5.483
9,1,2,8.74,3.0422,3.5232
10,1,2,10.08,2.8325,3.184
11,1,2,8.27,3.2564,3.1614
12,1,2,3.62,3.1011,3.1376
13,1,2,8.59,3.7743,3.7162
14,1,2,10.08,3.2669,3.5724
15,1,2,9.87,3.7576,3.8839
16,1,2,7.84,3.4514,3.4472
17,1,2,2.58,2.8627,3.2147
18,1,2,7.12,6.24,6.4709
19,1,2,5.62,6.1385,6.3507
20,1,2,7.68,6.7053,6.7454
21,1,2,7.06,6.7786,6.9528
22,1,2,7.65,1.7848,2.051
23,1,2,7.08,2.0627,2.0132
0,2,2,5.43,1.0479,1.082
1,2,2,3.09,1.287,1.2674
2,2,2,9.21,1.1254,1.2263
3,2,2,7.73,1.2979,1.3049
4,2,2,5.94,0.9995,1.1621
5,2,2,6.7,1.0279,1.1116
6,2,2,5.35,4.9394,5.5068
7,2,2,3.46,5.3561,5.2866
8,2,2,6.7,5.9215,5.8597
9,2,2,4.53,2.9399,3.4178
10,2,2,8.24,3.6481,3.8223
11,2,2,6.56,3.3031,3.2579
12,2,2,13.71,3.0668,3.1085
13,2,2,10.04,3.4194,3.7765
14,2,2,7.69,4.0147,3.8699
15,2,2,7.68,3.4115,3.6195
16,2,2,5.29,2.7648,3.1803
17,2,2,3.98,3.3257,3.7828
18,2,2,4.12,5.8724,6.5758
19,2,2,5.62,6.0948,6.5988
20,2,2,6.53,6.2873,7.143
21,2,2,7.16,7.2406,7.1279
22,2,2,6.57,2.0121,2.0577
23,2,2,8.02,1.8415,1.7679
0,3,2,4.74,1.1856,1.2811
1,3,2,6.3,1.1444,1.2028
2,3,2,8.2,1.0384,1.1538
3,3,2,6.96,1.2153,1.1641
4,3,2,5.1,1.0434,1.1481
5,3,2,8.68,1.1743,1.1998
6,3,2,2.11,5.1568,5.2165
7,3,2,7.61,4.8894,5.1864
8,3,2,7.47,5.5742,5.6553
9,3,2,9.54,3.4113,3.5139
10,3,2,7.89,2.7097,3.1147
11,3,2,8.93,3.3412,3.9163
12,3,2,7.33,3.7678,3.7108
13,3,2,9.61,3.5624,3.6007
14,3,2,12.06,3.2949,3.1827
15,3,2,8.07,3.2731,3.7824
16,3,2,7.86,2.8953,3.0833
17,3,2,8.66,3.027,3.2194
18,3,2,7.58,7.1156,6.9176
19,3,2,6.15,5.3764,5.9141
20,3,2,4.77,5.4564,5.8584
21,3,2,7.76,6.715,7.203
22,3,2,5.86,1.9806,1.9792
23,3,2,5.53,1.7795,1.8292
0,4,2,3.03,1.1483,1.2478
1,4,2,6.28,1.2255,1.2919
2,4,2,7.28,1.0761,1.1341
3,4,2,8.18,1.323,1.3039
4,4,2,7.22,1.3636,1.3087
5,4,2,9.86,1.277,1.3244
6,4,2,6.9,5.1251,5.5797
7,4,2,7.44,4.4698,5.1585
8,4,2,9.45,5.8677,6.0118
9,4,2,7.26,3.2435,3.44
10,4,2,11.03,3.3552,3.7713
11,4,2,10.44,3.5881,3.7184
12,4,2,9.42,3.412,3.3245
13,4,2,11.32,3.6869,3.7509
14,4,2,6.83,3.656,3.9142
15,4,2,9.93,3.4852,3.7054
16,4,2,8.98,3.2854,3.4113
17,4,2,8.58,3.329,3.2697
18,4,2,6.32,5.6962,6.3348
19,4,2,4.71,7.1796,6.9771
20,4,2,8.15,6.2426,6.6167
21,4,2,8.15,5.9668,6.4178
22,4,2,2.79,1.9378,2.0394
23,4,2,8.36,2.1507,2.1526
0,5,2,5.13,0.9193,0.9006
1,5,2,6.92,0.7771,0.8567
2,5,2,9.21,0.775,0.7873
3,5,2,6.42,0.8757,0.8422
4,5,2,6.39,0.9591,0.9157
5,5,2,8.91,0.6925,0.7457
6,5,2,7.83,3.8495,4.0244
7,5,2,6.32,4.1051,4.1386
8,5,2,9.39,3.7745,4.2127
9,5,2,5.47,2.6465,2.534
10,5,2,6.39,2.0216,2.3028
11,5,2,11.07,2.1761,2.2891
12,5,2,7.33,2.0794,2.1631
13,5,2,8.14,2.4231,2.6308
14,5,2,7.1,2.2506,2.2547
15,5,2,7.65,2.0769,2.2364
16,5,2,5.96,1.9629,2.1576
17,5,2,7.88,2.1276,2.3524
18,5,2,7.47,4.017,4.2022
19,5,2,9.63,4.0236,4.6322
20,5,2,7.41,4.2075,4.1951
21,5,2,8.49,4.3304,4.8588
22,5,2,6.78,1.1984,1.399
23,5,2,9.07,1.5011,1.4753
0,6,2,4.44,0.9257,0.917
1,6,2,9.3,0.8667,0.88
2,6,2,6.79,0.9003,0.8708
3,6,2,8.21,0.6941,0.8029
4,6,2,8.87,0.8166,0.829
5,6,2,7.3,0.8285,0.939
6,6,2,6.27,3.6179,4.208
7,6,2,6.35,3.6404,3.7158
8,6,2,6.64,3.1819,3.628
9,6,2,8.58,2.167,2.2168
10,6,2,11.08,2.2568,2.2834
11,6,2,7.33,2.5645,2.473
12,6,2,8.16,2.2902,2.6475
13,6,2,6.16,2.7901,2.7372
14,6,2,7.58,2.3242,2.5245
15,6,2,6.61,2.7385,2.609
16,6,2,9.28,2.1245,2.192
17,6,2,4.84,2.1062,2.2999
18,6,2,8.82,3.7134,4.2047
19,6,2,6.17,4.9016,4.9576
20,6,2,7.28,3.8805,4.0349
21,6,2,6.73,4.362,4.6556
22,6,2,7.78,1.3099,1.3287
23,6,2,8.24,1.6249,1.5532
0,0,2,5.43,1.0638,1.19
1,0,2,5.11,1.1342,1.2681
2,0,2,8.15,1.2075,1.1893
3,0,2,7.65,1.2164,1.2412
4,0,2,5.64,0.9992,1.1631
5,0,2,5.57,1.1071,1.1807
6,0,2,9.51,4.9505,5.1164
7,0,2,8.63,4.942,4.9248
8,0,2,6.52,5.0014,5.3419
9,0,2,5.6,3.3549,3.3495
10,0,2,6.93,3.4037,3.6351
11,0,2,9.85,3.274,3.4281
12,0,2,9.65,2.9552,3.1676
13,0,2,10.44,3.2925,3.4248
14,0,2,6.79,3.0305,3.1104
15,0,2,4.67,2.787,3.097
16,0,2,5.36,2.9519,3.2621
17,0,2,5.66,2.9964,3.5244
18,0,2,5.43,5.6309,5.866
19,0,2,8.01,5.8809,6.5755
20,0,2,7.1,6.266,7.1885
21,0,2,6.52,6.2238,5.9486
22,0,2,10.35,2.1501,2.0529
23,0,2,4.67,1.9845,2.2278
0,1,2,4.51,1.0908,1.177
1,1,2,7.61,1.1533,1.099
2,1,2,6.65,1.297,1.2428
3,1,2,7.66,1.2736,1.3218
4,1,2,4.41,1.0514,1.099
5,1,2,8.07,1.0461,1.1874
6,1,2,9.36,5.1138,5.9678
7,1,2,4.86,5.2445,6.1592
8,1,2,6.75,4.9391,5.7299
9,1,2,3.56,3.5363,3.6546
10,1,2,14.62,3.5516,3.6657
11,1,2,9.52,3.6468,3.553
12,1,2,9.64,3.1784,3.4763
13,1,2,6.35,2.8,3.2855
14,1,2,4.01,3.3093,3.2669
15,1,2,6.84,3.0981,3.3182
16,1,2,8.29,3.9064,3.7506
17,1,2,6.5,3.2261,3.209
18,1,2,6.78,6.8132,7.1449
19,1,2,4.86,5.0843,5.965
20,1,2,5.17,6.2937,7.2329
21,1,2,8.46,5.8677,6.1212
22,1,2,8.12,1.8293,1.8961
23,1,2,8.54,1.9458,1.9852
0,2,2,6.58,1.2593,1.324
1,2,2,4.1,1.2344,1.2443
2,2,2,10.28,1.2723,1.308
3,2,2,7.21,1.0535,1.0847
4,2,2,10.16,0.9703,1.1255
5,2,2,5.06,1.0714,1.1022
6,2,2,5.21,5.403,5.9249
7,2,2,8.1,5.2737,5.5832
8,2,2,5.88,5.3519,5.1173
9,2,2,8.86,3.6588,3.7765
10,2,2,3.02,3.213,3.7064
11,2,2,7.7,3.1184,3.5756
12,2,2,11.03,3.3715,3.7107
13,2,2,8.24,3.6816,3.7201
14,2,2,9.34,3.8212,3.6755
15,2,2,6.16,3.0083,3.354
16,2,2,5.84,3.4993,3.7036
17,2,2,4.46,2.9368,3.3439
18,2,2,6.87,6.8527,7.0611
19,2,2,6.45,5.999,6.9523
20,2,2,6.56,6.3651,6.079
21,2,2,5.14,5.6878,6.6837
22,2,2,8.56,1.9121,2.0651
23,2,2,5.33,1.9983,2.1271
0,3,2,4.93,1.2829,1.241
1,3,2,11.1,1.1402,1.3113
2,3,2,6.11,1.2468,1.2815
3,3,2,5.61,0.9821,1.0997
4,3,2,6.94,1.1525,1.2282
5,3,2,9.75,1.2117,1.3102
6,3,2,5.53,4.7695,5.3808
7,3,2,11.16,4.6348,5.432
8,3,2,9.0,5.8855,5.9168
9,3,2,3.4,3.5248,3.8417
10,3,2,4.55,3.2447,3.5914
11,3,2,9.98,3.1181,3.1757
12,3,2,7.66,3.3966,3.7192
13,3,2,7.37,3.3204,3.461
14,3,2,9.26,3.9415,3.8149
15,3,2,4.41,3.6689,3.8902
16,3,2,7.3,2.9236,3.1502
17,3,2,6.53,3.4503,3.8807
18,3,2,4.82,6.7563,6.9069
19,3,2,7.64,6.1079,6.2371
20,3,2,8.68,6.5389,7.1828
21,3,2,6.31,6.7016,6.8294
22,3,2,9.02,1.8199,2.0636
23,3,2,5.52,1.7095,1.8899
0,4,2,7.47,1.0553,1.1517
1,4,2,9.35,0.9871,1.1108
2,4,2,4.69,1.0798,1.0931
3,4,2,4.22,1.2145,1.1789
4,4,2,5.16,1.0623,1.0684
5,4,2,6.9,1.1187,1.2988
6,4,2,5.92,4.8603,5.337
7,4,2,7.37,5.3099,6.1547
8,4,2,8.22,5.6672,5.6841
9,4,2,8.04,3.3706,3.8011
10,4,2,8.48,3.2989,3.5828
11,4,2,10.6,2.9656,3.2364
12,4,2,8.96,3.2317,3.1278
13,4,2,9.98,4.0725,3.9051
14,4,2,8.81,3.5707,3.6805
15,4,2,7.17,2.8059,3.1608
16,4,2,10.15,3.7572,3.5875
17,4,2,5.19,3.8496,3.677
18,4,2,4.47,5.918,5.7827
19,4,2,8.61,5.4488,5.7268
20,4,2,8.02,5.805,6.1214
21,4,2,4.87,5.0321,5.81
22,4,2,9.73,1.9109,2.1748
23,4,2,8.0,1.5855,1.8536
0,5,2,4.85,0.8623,0.8803
1,5,2,6.87,0.7394,0.8511
2,5,2,6.99,0.9292,0.927
3,5,2,7.33,0.9054,0.924
4,5,2,7.84,0.7003,0.8232
5,5,2,5.25,0.6616,0.7613
6,5,2,9.03,4.0688,4.036
7,5,2,10.44,3.5218,3.5233
8,5,2,4.92,3.0808,3.4
9,5,2,5.7,2.3459,2.3173
10,5,2,8.27,2.2515,2.565
11,5,2,9.04,2.2706,2.5542
12,5,2,8.23,2.2887,2.4403
13,5,2,13.84,2.1408,2.4608
14,5,2,7.1,2.3251,2.2339
15,5,2,9.61,2.1625,2.3649
16,5,2,7.18,2.5712,2.487
17,5,2,4.66,2.1373,2.2235
18,5,2,7.88,5.006,4.8797
19,5,2,8.05,4.8652,5.0647
20,5,2,6.85,3.8911,4.538
21,5,2,4.53,3.7516,4.1148
22,5,2,7.63,1.0792,1.2464
23,5,2,4.54,1.1876,1.2561
0,6,2,3.78,0.697,0.7852
1,6,2,6.67,0.8175,0.931
2,6,2,8.62,0.8405,0.8591
3,6,2,8.55,0.8935,0.8812
4,6,2,8.83,0.7746,0.8467
5,6,2,7.36,0.7481,0.8732
6,6,2,7.14,3.0864,3.4751
7,6,2,6.58,3.7076,3.9687
8,6,2,4.45,3.4874,3.7884
9,6,2,3.87,2.3674,2.4965
10,6,2,10.5,2.7276,2.7242
11,6,2,5.18,2.085,2.4378
12,6,2,7.32,2.1121,2.3437
13,6,2,9.73,1.8747,2.1924
14,6,2,11.52,2.2787,2.1981
15,6,2,7.53,2.411,2.4771
16,6,2,7.98,2.1881,2.1936
17,6,2,8.73,2.0127,2.2063
18,6,2,7.02,4.4401,4.478
19,6,2,4.81,4.7543,4.6639
20,6,2,6.87,4.6907,4.9309
21,6,2,3.69,4.5567,5.035
22,6,2,7.18,1.2128,1.3135
23,6,2,4.75,1.4458,1.4083
0,0,2,4.32,1.1071,1.206
1,0,2,5.52,0.959,1.1014
2,0,2,6.42,1.2609,1.2495
3,0,2,8.66,1.1875,1.2789
4,0,2,5.75,0.9345,1.0894
5,0,2,8.42,1.1043,1.1987
6,0,2,5.7,5.3955,5.4744
7,0,2,5.39,4.8351,5.2598
8,0,2,8.52,5.1374,5.6273
9,0,2,5.69,3.5878,3.663
10,0,2,9.05,3.549,3.4505
11,0,2,7.33,3.3525,3.7983
12,0,2,8.38,2.9279,3.4364
13,0,2,9.6,3.6036,3.4621
14,0,2,10.45,3.939,3.8077
15,0,2,9.47,3.2082,3.2502
16,0,2,5.61,3.6327,3.8734
17,0,2,6.15,3.1633,3.1962
18,0,2,8.23,5.7532,5.7642
19,0,2,8.77,5.0898,5.8367
20,0,2,5.87,5.8139,6.7308
21,0,2,8.32,6.742,6.5365
22,0,2,6.63,2.0493,2.15
23,0,2,6.54,1.7428,2.0029
0,1,2,5.71,1.0423,1.0946
1,1,2,6.01,1.0239,1.1423
2,1,2,3.24,1.1049,1.2826
3,1,2,9.88,1.1976,1.3039
4,1,2,6.04,1.0323,1.172
5,1,2,7.58,1.1086,1.0809
6,1,2,7.34,5.7024,5.9245
7,1,2,5.81,5.5231,6.1397
8,1,2,9.02,5.1115,5.5818
9,1,2,6.83,2.9911,3.086
10,1,2,8.93,2.7783,3.2378
11,1,2,5.94,3.5027,3.8183
12,1,2,9.11,3.402,3.7155
13,1,2,5.43,3.5215,3.6612
14,1,2,8.48,3.2593,3.1095
15,1,2,7.94,3.9854,3.8676
16,1,2,6.95,3.5213,3.7452
17,1,2,5.16,2.8007,3.0856
18,1,2,6.45,6.7758,6.9571
19,1,2,5.48,6.4731,6.2042
20,1,2,4.91,6.1638,6.4175
21,1,2,7.7,6.164,6.5822
22,1,2,2.78,2.2763,2.1963
23,1,2,8.15,1.9546,1.9722
0,2,2,3.47,1.206,1.2181
1,2,2,9.84,1.0599,1.1161
2,2,2,3.41,1.0791,1.0567
3,2,2,2.46,1.1077,1.0932
4,2,2,4.29,1.1832,1.2744
5,2,2,8.39,1.1331,1.1752
6,2,2,6.52,5.655,5.6912
7,2,2,4.54,5.5613,5.4955
8,2,2,7.26,5.4248,5.2071
9,2,2,8.09,4.0829,3.9099
10,2,2,7.82,3.6101,3.7145
11,2,2,9.55,3.5473,3.5364
12,2,2,7.93,3.3215,3.8093
13,2,2,8.59,3.2823,3.505
14,2,2,10.71,3.2652,3.209
15,2,2,10.46,2.6631,3.1209
16,2,2,3.34,3.1892,3.2181
17,2,2,7.94,3.1685,3.2718
18,2,2,6.97,6.3655,6.1936
19,2,2,8.04,6.3566,7.102
20,2,2,3.87,6.1062,6.4547
21,2,2,10.63,6.0188,5.8985
22,2,2,9.34,1.8611,2.0255
23,2,2,5.89,1.919,1.9004
0,3,2,3.88,1.289,1.3226
1,3,2,6.05,1.1987,1.2608
2,3,2,5.5,1.1587,1.1091
3,3,2,9.12,1.2342,1.3039
4,3,2,7.97,1.1471,1.1444
5,3,2,6.03,1.0748,1.1444
6,3,2,5.94,5.4259,5.3509
7,3,2,6.42,5.0361,5.8238
8,3,2,6.04,5.4755,5.8855
9,3,2,9.14,3.8878,3.8487
10,3,2,8.82,3.5072,3.4867
11,3,2,9.4,3.4384,3.7553
12,3,2,9.52,2.708,3.1529
13,3,2,10.65,3.9116,3.8103
14,3,2,9.21,3.1288,3.4482
15,3,2,8.38,3.1299,3.501
16,3,2,5.05,2.7092,3.0834
17,3,2,3.33,2.9067,3.2471
18,3,2,7.27,6.0627,6.2309
19,3,2,6.28,6.5861,6.66
20,3,2,9.11,5.4565,5.9692
21,3,2,3.83,6.0578,6.69
22,3,2,8.23,2.1258,2.161
23,3,2,7.2,2.151,2.1849
0,4,2,5.97,0.9677,1.1107
1,4,2,8.6,1.1463,1.2285
2,4,2,5.01,1.0893,1.0738
3,4,2,3.09,1.2322,1.2877
4,4,2,6.08,1.0787,1.0647
5,4,2,4.85,1.0722,1.0709
6,4,2,3.99,4.8154,5.3539
7,4,2,9.85,4.6676,5.2325
8,4,2,7.48,4.6665,5.1082
9,4,2,8.07,2.9992,3.2132
10,4,2,8.41,2.792,3.1281
11,4,2,9.18,3.7736,3.8276
12,4,2,5.82,3.0628,3.4326
13,4,2,8.66,3.2808,3.3992
14,4,2,12.56,3.267,3.5931
15,4,2,6.9,3.8403,3.7442
16,4,2,9.19,3.2241,3.5601
17,4,2,5.75,3.2714,3.6998
18,4,2,5.36,5.7469,6.4798
19,4,2,8.44,6.5163,6.2629
20,4,2,9.42,5.4169,6.315
21,4,2,3.2,5.6206,5.8639
22,4,2,6.42,1.7864,1.9633
23,4,2,5.34,1.6585,1.7719
0,5,2,6.77,0.7607,0.7884
1,5,2,8.88,0.6618,0.7515
2,5,2,5.97,0.8199,0.8743
3,5,2,4.73,0.9156,0.9141
4,5,2,10.54,0.9095,0.8913
5,5,2,8.95,0.8956,0.8864
6,5,2,8.88,3.7416,3.8271
7,5,2,6.16,3.9083,4.1744
8,5,2,9.17,4.3015,4.1266
9,5,2,3.39,2.5768,2.5733
10,5,2,7.21,2.5943,2.6893
11,5,2,11.35,2.3558,2.2544
12,5,2,8.6,2.6058,2.5821
13,5,2,10.21,2.0243,2.2802
14,5,2,9.2,2.1322,2.4563
15,5,2,6.69,2.3613,2.3031
16,5,2,7.3,1.9713,2.2738
17,5,2,6.16,2.4217,2.421
18,5,2,4.3,3.9517,4.3794
19,5,2,7.48,4.4303,5.0172
20,5,2,2.63,3.7839,4.361
21,5,2,4.41,4.1004,4.0678
22,5,2,6.66,1.3216,1.3452
23,5,2,6.77,1.6132,1.5478
0,6,2,7.04,0.9117,0.9041
1,6,2,11.75,0.7628,0.8812
2,6,2,6.33,0.809,0.9331
3,6,2,9.07,0.8301,0.9273
4,6,2,6.17,0.9652,0.9263
5,6,2,6.4,0.8012,0.8096
6,6,2,4.94,3.1521,3.6881
7,6,2,6.14,3.8319,3.9076
8,6,2,5.94,3.8323,4.1072
9,6,2,6.21,1.9299,2.1652
10,6,2,6.78,1.9308,2.2608
11,6,2,9.41,2.4863,2.5477
12,6,2,9.89,2.5296,2.6253
13,6,2,8.3,2.1452,2.4877
14,6,2,9.76,2.2318,2.3855
15,6,2,7.03,2.6058,2.5593
16,6,2,5.75,2.4182,2.5251
17,6,2,5.52,2.4753,2.5811
18,6,2,5.55,4.5239,4.362
19,6,2,3.08,4.4069,4.5237
20,6,2,5.77,4.1021,4.5174
21,6,2,5.05,4.0777,4.7527
22,6,2,5.24,1.3092,1.3271
23,6,2,6.05,1.4101,1.4513
0,0,2,6.21,1.2556,1.2669
1,0,2,2.93,1.0634,1.1376
2,0,2,7.11,1.0782,1.1616
3,0,2,8.84,1.1315,1.1193
4,0,2,8.36,1.091,1.2594
5,0,2,3.81,1.0484,1.0641
6,0,2,8.68,5.574,6.093
7,0,2,7.42,5.0452,5.1798
8,0,2,7.25,4.7469,5.3292
9,0,2,9.2,3.3391,3.1807
10,0,2,7.84,3.2067,3.0816
11,0,2,7.51,3.4093,3.4316
12,0,2,7.75,3.4681,3.6788
13,0,2,8.16,3.9867,3.909
14,0,2,10.18,2.8938,3.294
15,0,2,7.0,3.3539,3.5133
16,0,2,8.47,3.2848,3.6009
17,0,2,6.82,2.8361,3.1921
18,0,2,7.04,6.921,6.9841
19,0,2,6.01,6.2013,6.304
20,0,2,5.04,6.8067,7.0947
21,0,2,9.62,6.1586,6.5176
22,0,2,8.96,1.8077,1.9455
23,0,2,5.84,1.9265,2.009
0,1,2,6.96,1.0544,1.18
1,1,2,4.57,1.1956,1.1556
2,1,2,4.95,1.1653,1.2173
3,1,2,7.66,1.131,1.096
4,1,2,6.16,1.166,1.2248
5,1,2,7.09,1.0825,1.1992
6,1,2,1.83,5.4093,5.6968
7,1,2,8.23,4.3792,4.9364
8,1,2,5.02,4.9972,5.643
9,1,2,6.68,2.8271,3.2562
10,1,2,8.52,3.112,3.3281
11,1,2,6.07,3.8461,3.8733
12,1,2,11.79,3.7495,3.5784
13,1,2,9.33,2.9447,3.169
14,1,2,9.63,3.1538,3.189
15,1,2,7.52,2.9251,3.3697
16,1,2,7.3,3.0252,3.443
17,1,2,3.9,3.0557,3.2018
18,1,2,9.31,5.1995,5.8391
19,1,2,4.99,5.6328,5.9375
20,1,2,5.67,5.4944,5.8563
21,1,2,4.07,5.6254,6.0854
22,1,2,4.39,1.76,1.8657
23,1,2,3.76,2.341,2.2382
0,2,2,7.14,0.9872,1.0792
1,2,2,3.46,0.9212,1.0601
2,2,2,11.39,1.0224,1.1538
3,2,2,4.42,1.1825,1.1588
4,2,2,11.34,1.074,1.2111
5,2,2,2.03,0.9705,1.0999
6,2,2,5.2,4.5888,5.1882
7,2,2,7.15,4.7157,4.8968
8,2,2,7.83,4.8634,5.1708
9,2,2,8.08,3.2964,3.6859
10,2,2,6.99,3.4464,3.3445
11,2,2,9.2,3.7994,3.8754
12,2,2,8.92,3.5913,3.4832
13,2,2,8.64,3.3042,3.3783
14,2,2,7.89,2.9567,3.1842
15,2,2,9.91,3.5099,3.7913
16,2,2,9.12,3.454,3.4516
17,2,2,6.42,3.6489,3.8567
18,2,2,6.37,5.5054,6.0967
19,2,2,8.48,7.1124,6.8393
20,2,2,8.47,6.1773,6.5736
21,2,2,9.12,6.4016,7.0455
22,2,2,5.59,1.9692,1.9497
23,2,2,4.51,1.8509,2.0978
0,3,2,4.43,1.0987,1.0902
1,3,2,6.97,1.2964,1.2562
2,3,2,7.09,1.1451,1.1691
3,3,2,7.99,0.9468,1.1063
4,3,2,5.99,1.1992,1.243
5,3,2,4.89,1.0956,1.1858
6,3,2,7.38,5.2916,5.8026
7,3,2,7.07,5.8033,6.0587
8,3,2,5.12,4.3721,4.9367
9,3,2,8.52,3.7864,3.7224
10,3,2,5.99,2.9856,3.2642
11,3,2,9.05,3.5567,3.6023
12,3,2,7.88,3.2671,3.3278
13,3,2,6.82,3.442,3.3369
14,3,2,9.01,3.6618,3.6781
15,3,2,8.84,3.2144,3.5156
16,3,2,8.44,3.5413,3.7275
17,3,2,6.89,3.1989,3.305
18,3,2,3.42,5.8848,6.2161
19,3,2,5.21,7.1561,6.9652
20,3,2,6.89,6.4053,7.2745
21,3,2,7.67,6.5303,6.4677
22,3,2,6.82,2.0589,2.1109
23,3,2,5.11,1.9084,2.005
0,4,2,6.2,1.2263,1.2009
1,4,2,4.57,1.1928,1.2852
2,4,2,5.37,0.9874,1.0656
3,4,2,8.28,0.9671,1.1295
4,4,2,5.42,1.1023,1.1813
5,4,2,8.23,1.1522,1.1925
6,4,2,6.3,5.2183,6.0382
7,4,2,5.2,4.8824,5.1137
8,4,2,7.33,5.5526,5.9752
9,4,2,6.31,2.8085,3.2891
10,4,2,8.19,3.3256,3.5306
11,4,2,6.07,3.8543,3.6737
12,4,2,7.54,3.5973,3.7428
13,4,2,10.72,3.8331,3.9081
14,4,2,7.76,3.2302,3.6896
15,4,2,6.86,3.6045,3.4868
16,4,2,8.01,2.7772,3.1675
17,4,2,4.97,3.0266,3.4943
18,4,2,2.97,6.6947,6.5817
19,4,2,7.37,5.7038,6.5299
20,4,2,6.84,5.2167,5.993
21,4,2,5.8,6.0787,6.9777
22,4,2,9.05,2.1186,2.1182
23,4,2,7.62,1.6818,1.7896
0,5,2,7.59,0.8109,0.8802
1,5,2,8.75,0.7343,0.7621
2,5,2,5.03,0.7571,0.8761
3,5,2,4.5,0.7775,0.8772
4,5,2,6.32,0.7103,0.8066
5,5,2,6.07,0.8883,0.9151
6,5,2,4.97,3.5166,3.9024
7,5,2,4.39,3.4062,3.4183
8,5,2,6.9,3.0511,3.4501
9,5,2,6.21,2.5529,2.6665
10,5,2,9.07,2.6573,2.6164
11,5,2,4.82,2.4395,2.4552
12,5,2,8.27,2.2707,2.6584
13,5,2,11.41,2.4113,2.6265
14,5,2,7.13,2.1665,2.2658
15,5,2,11.18,1.8813,2.1975
16,5,2,3.84,2.4622,2.7182
17,5,2,3.81,2.4279,2.678
18,5,2,4.22,4.5266,4.753
19,5,2,7.51,4.9367,4.8945
20,5,2,6.65,4.8175,5.0941
21,5,2,5.01,4.4133,4.9458
22,5,2,7.32,1.3972,1.368
23,5,2,4.93,1.2493,1.4672
0,6,3,5.17,0.7562,0.8633
1,6,3,8.77,0.7953,0.7707
2,6,3,6.54,0.9123,0.9396
3,6,3,9.64,0.6508,0.7524
4,6,3,10.56,0.8398,0.9024
5,6,3,4.72,0.8208,0.858
6,6,3,6.38,3.7963,3.8239
7,6,3,12.24,3.164,3.7117
8,6,3,8.02,3.583,3.8994
9,6,3,7.31,2.409,2.5249
10,6,3,11.11,2.3402,2.3081
11,6,3,10.1,2.6135,2.5204
12,6,3,10.95,2.4703,2.6579
13,6,3,13.25,2.4147,2.4799
14,6,3,7.62,2.184,2.2745
15,6,3,10.79,2.6387,2.592
16,6,3,9.81,2.2999,2.2158
17,6,3,6.08,2.4787,2.4347
18,6,3,9.2,3.4404,4.0239
19,6,3,7.84,4.2814,4.8903
20,6,3,6.3,4.9931,4.8014
21,6,3,8.44,4.7332,4.9619
22,6,3,9.0,1.1171,1.2935
23,6,3,7.46,1.2851,1.2495
0,0,3,4.33,1.2142,1.3302
1,0,3,4.53,1.1408,1.2696
2,0,3,7.26,1.3029,1.2459
3,0,3,7.07,1.1544,1.1929
4,0,3,7.04,1.0704,1.1804
5,0,3,10.32,1.0628,1.2035
6,0,3,5.83,5.0373,5.064
7,0,3,8.79,5.1512,6.0231
8,0,3,7.52,4.7101,5.2625
9,0,3,10.82,3.9125,3.7873
10,0,3,9.07,3.1904,3.2096
11,0,3,8.57,3.2555,3.2489
12,0,3,10.83,3.3453,3.6289
13,0,3,8.27,3.2357,3.2315
14,0,3,10.9,3.7696,3.7338
15,0,3,13.36,2.801,3.0963
16,0,3,10.19,3.7014,3.5803
17,0,3,8.02,3.3675,3.815
18,0,3,12.18,5.7928,5.8016
19,0,3,8.65,6.1518,6.121
20,0,3,8.74,4.8831,5.7418
21,0,3,7.89,5.4898,6.1957
22,0,3,6.1,1.8106,1.8696
23,0,3,8.2,1.6233,1.8496
0,1,3,6.13,0.9705,1.0646
1,1,3,8.94,1.1975,1.2954
2,1,3,11.67,1.2386,1.2194
3,1,3,10.04,1.039,1.1414
4,1,3,8.3,1.176,1.1466
5,1,3,7.5,1.0241,1.0876
6,1,3,7.84,5.2717,5.486
7,1,3,8.72,6.218,5.9518
8,1,3,8.81,5.4582,5.7118
9,1,3,5.7,3.0988,3.2051
10,1,3,7.95,3.5243,3.7726
11,1,3,9.27,3.502,3.3548
12,1,3,10.7,2.8322,3.2071
13,1,3,8.81,3.5105,3.9132
14,1,3,10.9,3.2464,3.314
15,1,3,11.47,3.4296,3.4963
16,1,3,5.73,3.3313,3.2798
17,1,3,3.59,3.3867,3.4657
18,1,3,7.06,6.2363,6.0967
19,1,3,8.63,6.0461,6.9303
20,1,3,9.44,6.2575,6.5524
21,1,3,9.22,6.3388,7.274
22,1,3,8.36,1.8269,1.9316
23,1,3,6.15,2.1799,2.171
0,2,3,8.13,1.1557,1.187
1,2,3,5.47,1.0165,1.0936
2,2,3,6.63,1.1115,1.1101
3,2,3,10.54,1.1682,1.2256
4,2,3,7.89,0.9524,1.0911
5,2,3,7.73,1.0736,1.1802
6,2,3,7.67,4.4767,5.1638
7,2,3,8.62,5.9787,5.8609
8,2,3,10.31,5.5476,5.5764
9,2,3,6.61,3.1463,3.2769
10,2,3,10.34,3.2821,3.3464
11,2,3,7.01,3.0403,3.5027
12,2,3,11.06,3.3438,3.8072
13,2,3,13.82,2.6712,3.1209
14,2,3,11.64,3.2188,3.4945
15,2,3,10.67,3.5146,3.9032
16,2,3,5.96,2.8674,3.3184
17,2,3,8.85,3.0356,3.0814
18,2,3,8.01,6.9111,6.8839
19,2,3,5.31,5.7049,5.7582
20,2,3,12.94,5.5182,6.0985
21,2,3,6.85,5.8635,5.9702
22,2,3,7.89,1.7081,1.7778
23,2,3,9.97,1.9538,1.9057
0,3,3,7.37,1.1838,1.1609
1,3,3,8.6,1.1191,1.2926
2,3,3,9.77,1.0622,1.0777
3,3,3,8.52,1.3609,1.3008
4,3,3,8.78,1.2151,1.2775
5,3,3,8.86,1.2746,1.2414
6,3,3,6.72,5.4735,5.4957
7,3,3,8.86,5.3524,5.119
8,3,3,6.19,4.6548,5.08
9,3,3,8.65,3.7281,3.6034
10,3,3,5.7,3.5911,3.6274
11,3,3,7.02,3.3955,3.8
12,3,3,11.59,3.9865,3.8975
13,3,3,11.5,3.4407,3.6471
14,3,3,11.21,2.9131,3.3209
15,3,3,12.54,3.2908,3.4551
16,3,3,9.91,3.7822,3.8684
17,3,3,7.42,3.0911,3.1718
18,3,3,9.57,5.5442,6.2362
19,3,3,7.72,5.7736,6.1458
20,3,3,5.63,6.0185,6.1432
21,3,3,6.59,6.1756,6.251
22,3,3,8.58,1.661,1.866
23,3,3,7.98,1.7048,1.9874
0,4,3,8.6,1.3877,1.3425
1,4,3,10.12,1.0797,1.1453
2,4,3,6.07,1.1266,1.2872
3,4,3,2.61,1.3411,1.3066
4,4,3,6.36,1.0762,1.2214
5,4,3,6.62,1.242,1.3199
6,4,3,11.25,5.2218,5.6046
7,4,3,9.58,5.4214,5.2893
8,4,3,7.39,4.6002,5.0479
9,4,3,8.64,3.2566,3.3162
10,4,3,10.24,2.7815,3.1735
11,4,3,11.28,3.9628,3.8147
12,4,3,10.89,3.7089,3.7185
13,4,3,10.62,3.5344,3.4606
14,4,3,10.73,3.1248,3.4762
15,4,3,9.05,3.5319,3.7978
16,4,3,9.6,3.2307,3.4162
17,4,3,7.41,3.9014,3.7316
18,4,3,11.0,5.7832,6.254
19,4,3,7.64,5.3626,6.1832
20,4,3,8.48,5.4983,5.9811
21,4,3,8.73,5.9351,6.1036
22,4,3,7.28,1.8061,2.0321
23,4,3,11.78,1.9439,2.0434
0,5,3,7.89,0.795,0.8293
1,5,3,8.38,0.7454,0.8627
2,5,3,5.72,0.8129,0.9013
3,5,3,11.98,0.7506,0.8219
4,5,3,6.9,0.7254,0.8084
5,5,3,5.99,0.8774,0.8896
6,5,3,5.79,3.4309,3.5092
7,5,3,9.69,3.6174,3.5965
8,5,3,6.92,2.9612,3.4541
9,5,3,5.93,2.5788,2.5189
10,5,3,8.21,2.1716,2.2716
11,5,3,7.6,2.5247,2.4397
12,5,3,9.06,2.515,2.4001
13,5,3,8.77,2.5698,2.7041
14,5,3,9.92,2.5672,2.6981
15,5,3,8.47,2.274,2.3162
16,5,3,6.11,2.2635,2.282
17,5,3,7.1,2.0333,2.3896
18,5,3,6.26,3.4692,4.0106
19,5,3,6.11,3.7051,4.0935
20,5,3,9.13,4.556,4.341
21,5,3,9.77,4.8446,4.6432
22,5,3,11.71,1.339,1.3391
23,5,3,7.8,1.3863,1.462
0,6,3,8.3,0.8271,0.7945
1,6,3,8.76,0.6885,0.7758
2,6,3,5.81,0.9105,0.9091
3,6,3,6.75,0.6713,0.7813
4,6,3,6.58,0.8998,0.9035
5,6,3,7.61,0.8052,0.8591
6,6,3,8.59,3.8128,3.8662
7,6,3,7.76,3.983,4.2571
8,6,3,7.81,3.4265,3.6064
9,6,3,9.59,2.4632,2.4808
10,6,3,10.54,2.5235,2.547
11,6,3,10.84,2.1192,2.3925
12,6,3,11.1,2.7019,2.6186
13,6,3,12.22,2.3004,2.332
14,6,3,13.27,2.3873,2.3513
15,6,3,10.57,1.8912,2.1623
16,6,3,6.19,2.4991,2.6728
17,6,3,8.49,2.2372,2.4083
18,6,3,5.88,4.0764,4.1546
19,6,3,7.69,4.3188,4.8508
20,6,3,3.52,4.2736,4.8837
21,6,3,6.44,4.7516,5.0409
22,6,3,7.9,1.123,1.2398
23,6,3,7.79,1.3834,1.5298
0,0,3,8.5,1.0885,1.2467
1,0,3,5.9,1.0554,1.1245
2,0,3,8.5,1.0615,1.1808
3,0,3,11.57,1.1678,1.2243
4,0,3,9.71,1.1043,1.1199
5,0,3,8.36,1.0213,1.1607
6,0,3,11.21,5.1737,5.6355
7,0,3,6.02,5.1925,5.956
8,0,3,11.2,5.6275,5.3599
9,0,3,11.68,3.1115,3.3156
10,0,3,9.53,3.4642,3.6613
11,0,3,7.39,3.6027,3.5054
12,0,3,9.3,3.1761,3.499
13,0,3,10.63,3.7874,3.8178
14,0,3,7.36,3.3389,3.8187
15,0,3,11.16,2.8514,3.262
16,0,3,9.47,3.5356,3.4054
17,0,3,6.24,3.7636,3.7645
18,0,3,8.9,6.6663,7.1558
19,0,3,8.05,6.3098,6.1502
20,0,3,9.95,5.5849,6.2525
21,0,3,11.95,6.2044,6.838
22,0,3,7.87,2.0778,2.0623
23,0,3,7.97,1.8169,2.0629
0,1,3,3.29,1.2347,1.2646
1,1,3,9.16,1.1216,1.3032
2,1,3,6.66,1.2808,1.3393
3,1,3,9.52,1.2355,1.2274
4,1,3,7.51,1.124,1.255
5,1,3,5.37,1.1764,1.1245
6,1,3,6.38,5.2644,5.1524
7,1,3,3.97,5.2788,5.3164
8,1,3,8.81,4.7837,5.05
9,1,3,4.93,2.7923,3.278
10,1,3,11.74,2.8661,3.3473
11,1,3,8.52,3.1165,3.6064
12,1,3,9.6,3.6852,3.8132
13,1,3,9.53,3.0947,3.4707
14,1,3,8.71,3.9714,3.8478
15,1,3,6.81,2.9472,3.341
16,1,3,9.02,3.281,3.3596
17,1,3,6.2,3.3539,3.8523
18,1,3,8.19,6.9885,7.0537
19,1,3,5.3,5.9489,6.649
20,1,3,7.11,5.9427,6.455
21,1,3,9.05,5.9548,6.0603
22,1,3,8.54,1.5801,1.84
23,1,3,8.88,2.0892,2.1315
0,2,3,11.19,1.0513,1.172
1,2,3,9.12,1.1096,1.1149
2,2,3,6.33,1.0844,1.1399
3,2,3,9.23,1.1522,1.229
4,2,3,7.11,1.3314,1.2979
5,2,3,8.05,1.204,1.2389
6,2,3,10.48,5.0988,5.2652
7,2,3,6.97,4.9484,4.8498
8,2,3,9.0,5.3833,5.5327
9,2,3,10.39,3.4033,3.8324
10,2,3,9.9,3.3419,3.7209
11,2,3,9.33,3.1101,3.3456
12,2,3,7.37,3.5112,3.9191
13,2,3,12.39,3.3616,3.2137
14,2,3,12.11,3.3027,3.4342
15,2,3,13.46,3.4081,3.7661
16,2,3,6.66,3.4373,3.5417
17,2,3,9.4,2.8423,3.2216
18,2,3,6.96,6.1505,5.9461
19,2,3,7.68,6.1674,6.6928
20,2,3,8.71,5.9121,6.505
21,2,3,10.26,6.1123,6.4263
22,2,3,4.36,1.7693,1.8672
23,2,3,8.16,1.9154,1.928
0,3,3,6.19,1.1419,1.2234
1,3,3,8.51,1.2356,1.3247
2,3,3,8.25,1.22,1.1759
3,3,3,7.33,1.1768,1.1747
4,3,3,5.17,1.2178,1.1609
5,3,3,7.11,1.2278,1.2545
6,3,3,9.12,5.7544,5.9776
7,3,3,9.17,4.738,4.8701
8,3,3,11.8,4.7985,5.4347
9,3,3,8.78,3.5692,3.5084
10,3,3,11.65,3.5966,3.5942
11,3,3,8.87,3.2901,3.178
12,3,3,12.15,3.2055,3.724
13,3,3,10.1,3.2837,3.603
14,3,3,9.4,3.4056,3.5456
15,3,3,10.47,3.0793,3.4492
16,3,3,8.85,3.549,3.9003
17,3,3,9.56,3.0866,3.2644
18,3,3,11.35,4.9818,5.8064
19,3,3,6.13,6.8539,7.0347
20,3,3,9.77,6.4407,6.2176
21,3,3,7.2,7.2274,7.0225
22,3,3,2.75,1.9821,2.1893
23,3,3,9.65,1.7027,1.8022
0,4,3,9.64,0.9138,1.0741
1,4,3,10.03,1.1535,1.2258
2,4,3,6.46,1.3923,1.3415
3,4,3,8.01,1.1518,1.1756
4,4,3,4.38,1.1607,1.1615
5,4,3,9.81,1.2309,1.2623
6,4,3,10.04,4.3375,4.9019
7,4,3,10.19,4.3339,5.0936
8,4,3,7.96,5.4354,5.5374
9,4,3,8.15,3.0358,3.0827
10,4,3,11.6,3.2537,3.8076
11,4,3,9.41,3.6957,3.8317
12,4,3,11.78,3.1941,3.6526
13,4,3,9.04,3.9908,3.8195
14,4,3,9.45,3.3716,3.3694
15,4,3,10.83,2.9152,3.2961
16,4,3,6.63,3.0638,3.4657
17,4,3,8.2,3.2361,3.1238
18,4,3,10.61,5.4855,5.8342
19,4,3,5.13,7.4543,7.2218
20,4,3,8.96,5.9387,6.42
21,4,3,9.02,5.4019,6.1768
22,4,3,12.62,1.7649,2.0292
23,4,3,6.24,1.8681,1.9906
0,5,3,7.73,0.6576,0.7401
1,5,3,9.78,0.9303,0.9005
2,5,3,9.22,0.8147,0.8209
3,5,3,8.02,0.6766,0.7763
4,5,3,9.17,0.7488,0.8531
5,5,3,6.58,0.7226,0.8009
6,5,3,5.15,3.7994,3.9914
7,5,3,6.98,3.5332,3.4831
8,5,3,10.75,3.1065,3.4454
9,5,3,6.13,2.6634,2.598
10,5,3,7.27,2.2492,2.4047
11,5,3,10.83,2.4549,2.5387
12,5,3,10.94,2.4725,2.6768
13,5,3,9.03,2.4051,2.3488
14,5,3,10.23,2.5452,2.4444
15,5,3,10.0,2.6992,2.6412
16,5,3,7.83,2.511,2.6008
17,5,3,9.32,2.2521,2.2605
18,5,3,8.99,4.5392,4.3345
19,5,3,7.89,3.6836,4.2221
20,5,3,8.35,4.2016,4.6099
21,5,3,4.22,4.1032,4.3667
22,5,3,12.46,1.4601,1.4565
23,5,3,7.14,1.4059,1.5651
0,6,3,7.62,0.7282,0.7579
1,6,3,4.52,0.8121,0.8856
2,6,3,7.84,0.9098,0.8667
3,6,3,8.77,0.7036,0.7763
4,6,3,9.23,0.7261,0.7898
5,6,3,8.22,0.7515,0.8088
6,6,3,9.02,3.9455,4.2362
7,6,3,10.83,3.3876,3.4679
8,6,3,5.66,3.0117,3.426
9,6,3,8.5,2.5961,2.5101
10,6,3,7.62,2.3656,2.3582
11,6,3,7.06,2.0299,2.3011
12,6,3,7.33,2.5834,2.6121
13,6,3,8.9,2.3937,2.6437
14,6,3,8.57,2.2327,2.1809
15,6,3,11.77,2.014,2.3313
16,6,3,4.05,2.5527,2.5963
17,6,3,10.02,2.6947,2.693
18,6,3,7.45,4.8604,4.7148
19,6,3,9.74,4.3441,4.6544
20,6,3,12.09,4.7952,4.8984
21,6,3,6.23,4.2842,4.1593
22,6,3,7.63,1.4518,1.5518
23,6,3,9.58,1.3791,1.5103
0,0,3,8.28,1.1498,1.3431
1,0,3,10.11,1.2263,1.2433
2,0,3,7.81,1.1289,1.2638
3,0,3,10.96,1.1072,1.1191
4,0,3,8.97,0.9967,1.1104
5,0,3,8.48,0.9599,1.0808
6,0,3,8.99,5.8395,6.0678
7,0,3,7.79,5.7804,6.1314
8,0,3,9.48,4.912,5.3834
9,0,3,10.22,3.139,3.6578
10,0,3,8.68,3.0113,3.249
11,0,3,9.06,3.5297,3.5443
12,0,3,6.95,2.8804,3.2173
13,0,3,11.82,3.3212,3.3048
14,0,3,8.11,3.2238,3.2385
15,0,3,13.54,3.2367,3.1063
16,0,3,8.68,3.1302,3.3769
17,0,3,10.92,3.1834,3.7398
18,0,3,9.24,6.9977,6.7277
19,0,3,6.38,6.9538,7.1674
20,0,3,11.02,6.293,6.4109
21,0,3,7.38,5.9582,6.8614
22,0,3,6.04,1.9301,1.858
23,0,3,7.65,1.8445,1.822
0,1,3,9.52,1.3222,1.2688
1,1,3,8.51,1.1911,1.2941
2,1,3,6.69,1.0081,1.1843
3,1,3,11.26,1.125,1.2713
4,1,3,9.05,1.0705,1.2088
5,1,3,8.8,0.9587,1.1113
6,1,3,10.2,4.3441,4.9861
7,1,3,9.78,4.9716,4.9129
8,1,3,8.38,4.7938,5.0266
9,1,3,3.96,3.1151,3.6114
10,1,3,7.63,3.2108,3.2545
11,1,3,9.94,3.0613,3.2561
12,1,3,11.98,3.3515,3.919
13,1,3,9.99,3.1153,3.3743
14,1,3,9.88,3.947,3.8466
15,1,3,9.0,3.4233,3.4262
16,1,3,7.35,3.2641,3.6371
17,1,3,6.9,3.4229,3.8028
18,1,3,11.56,5.2973,6.1978
19,1,3,7.87,5.6959,5.9871
20,1,3,9.79,6.8639,6.6966
21,1,3,10.78,5.5641,5.9828
22,1,3,9.98,1.7787,2.0439
23,1,3,6.66,1.8168,1.9847
0,2,3,10.29,1.1849,1.3386
1,2,3,6.14,1.0584,1.0979
2,2,3,5.15,1.0556,1.1279
3,2,3,6.34,1.1747,1.1371
4,2,3,8.87,1.1586,1.1131
5,2,3,10.35,1.1759,1.1548
6,2,3,7.38,5.3927,5.2977
7,2,3,8.01,5.0832,5.2332
8,2,3,4.83,5.0465,4.8414
9,2,3,9.01,3.4751,3.5827
10,2,3,8.93,3.4709,3.3236
11,2,3,6.71,3.4285,3.6436
12,2,3,9.48,2.8835,3.1341
13,2,3,7.6,3.73,3.6362
14,2,3,11.43,3.3061,3.3596
15,2,3,10.2,3.5626,3.8607
16,2,3,4.99,3.3447,3.2267
17,2,3,10.04,3.2044,3.6363
18,2,3,6.82,6.2378,7.0916
19,2,3,8.97,6.6485,6.5019
20,2,3,9.46,6.1949,5.9199
21,2,3,6.58,7.0501,7.0471
22,2,3,10.59,1.779,1.9446
23,2,3,6.26,2.1884,2.104
0,3,3,6.55,1.0814,1.1409
1,3,3,10.55,1.1886,1.1789
2,3,3,9.12,1.0206,1.0587
3,3,3,7.72,1.2308,1.3196
4,3,3,9.61,1.1407,1.1928
5,3,3,9.85,1.3566,1.3144
6,3,3,8.95,4.8026,5.5747
7,3,3,5.88,5.3622,5.4065
8,3,3,9.77,5.2432,5.7784
9,3,3,6.93,3.2294,3.6068
10,3,3,11.61,3.6727,3.7819
11,3,3,8.59,3.1495,3.452
12,3,3,9.49,3.0643,3.5962
13,3,3,8.91,3.7111,3.6973
14,3,3,8.8,3.1158,3.3351
15,3,3,8.46,2.9672,3.4334
16,3,3,5.82,3.2867,3.6417
17,3,3,6.11,3.0035,3.1204
18,3,3,8.34,7.0106,6.9633
19,3,3,8.02,5.9922,6.6914
20,3,3,4.92,5.478,5.8468
21,3,3,7.19,6.665,7.0981
22,3,3,9.62,1.7547,1.933
23,3,3,9.28,2.2194,2.1977
0,4,3,7.68,1.1868,1.2711
1,4,3,8.43,1.0584,1.2082
2,4,3,6.56,1.1326,1.2565
3,4,3,8.33,1.2658,1.2453
4,4,3,6.21,1.2048,1.3062
5,4,3,5.58,1.2416,1.2046
6,4,3,9.2,5.608,5.603
7,4,3,11.34,5.5339,5.9852
8,4,3,8.67,5.2413,5.6109
9,4,3,7.68,2.7904,3.1387
10,4,3,9.65,3.6728,3.8293
11,4,3,10.99,3.6034,3.5289
12,4,3,13.25,3.28,3.1841
13,4,3,7.35,3.1712,3.1251
14,4,3,12.68,3.1385,3.1332
15,4,3,10.39,3.5337,3.4282
16,4,3,4.87,3.0446,3.1284
17,4,3,7.83,3.7075,3.5424
18,4,3,6.31,5.2334,5.8825
19,4,3,8.98,6.3268,7.2749
20,4,3,6.9,5.9632,6.9109
21,4,3,9.57,7.1783,7.1066
22,4,3,8.13,1.8951,2.0722
23,4,3,8.79,1.7228,1.9034
0,5,3,7.62,0.902,0.8765
1,5,3,7.33,0.9056,0.9312
2,5,3,9.27,0.8553,0.9235
3,5,3,5.48,0.8748,0.8683
4,5,3,8.46,0.7567,0.8763
5,5,3,6.62,0.9723,0.9315
6,5,3,9.54,3.1704,3.422
7,5,3,7.79,3.5413,4.0837
8,5,3,13.07,3.3392,3.52
9,5,3,4.63,1.8942,2.1873
10,5,3,10.8,2.6882,2.5939
11,5,3,6.45,2.2111,2.399
12,5,3,6.01,2.361,2.3627
13,5,3,11.88,2.4001,2.671
14,5,3,10.89,1.9615,2.2874
15,5,3,11.17,2.4659,2.4788
16,5,3,9.38,2.8753,2.7414
17,5,3,4.02,2.3953,2.6652
18,5,3,4.81,5.0283,4.9641
19,5,3,5.14,4.5728,4.5096
20,5,3,6.9,3.6211,4.1486
21,5,3,7.34,4.4708,4.687
22,5,3,8.76,1.3507,1.4536
23,5,3,8.57,1.4383,1.4354
0,6,3,8.64,0.8379,0.8418
1,6,3,9.05,0.782,0.9066
2,6,3,8.06,0.7289,0.8428
3,6,3,6.98,0.8436,0.8837
4,6,3,8.46,0.7121,0.7997
5,6,3,11.79,0.813,0.8219
6,6,3,6.01,3.5871,4.0541
7,6,3,10.74,3.4896,3.5344
8,6,3,11.62,3.9059,3.8735
9,6,3,10.87,2.1369,2.3314
10,6,3,10.5,2.155,2.4791
11,6,3,6.31,2.3215,2.4574
12,6,3,11.2,2.1793,2.3777
13,6,3,10.45,2.3464,2.4896
14,6,3,10.33,2.422,2.7095
15,6,3,3.74,2.746,2.6178
16,6,3,4.98,1.9535,2.1699
17,6,3,7.07,2.5496,2.6386
18,6,3,8.3,4.1508,4.6095
19,6,3,14.36,3.9535,4.0375
20,6,3,4.58,4.3429,4.7389
21,6,3,5.33,4.1904,4.7854
22,6,3,10.74,1.3129,1.4461
23,6,3,4.28,1.134,1.2841
0,0,3,4.44,1.0897,1.2309
1,0,3,10.26,1.0372,1.1369
2,0,3,9.04,1.3359,1.2821
3,0,3,5.0,0.9636,1.0681
4,0,3,8.78,1.1259,1.2987
5,0,3,10.3,1.1686,1.2255
6,0,3,6.3,4.9028,4.8764
7,0,3,1.18,5.6871,5.9498
8,0,3,6.81,5.0813,5.9399
9,0,3,8.27,3.5363,3.7502
10,0,3,9.79,3.5224,3.6138
11,0,3,11.17,3.3271,3.1923
12,0,3,15.08,3.1878,3.5244
13,0,3,10.34,3.6138,3.5795
14,0,3,9.44,3.4615,3.8098
15,0,3,8.96,3.0859,3.0878
16,0,3,9.07,3.1392,3.5517
17,0,3,10.75,3.8625,3.7665
18,0,3,7.11,6.5382,7.2682
19,0,3,8.78,5.5195,6.109
20,0,3,8.41,5.6599,6.0941
21,0,3,7.06,6.9438,7.0242
22,0,3,10.24,1.8551,1.8309
23,0,3,6.08,1.6253,1.8868
0,1,3,5.98,1.1393,1.1621
1,1,3,9.14,1.1179,1.1873
2,1,3,7.17,1.1542,1.1799
3,1,3,8.88,1.06,1.0777
4,1,3,5.34,0.9341,1.0602
5,1,3,4.22,1.1327,1.1454
6,1,3,13.06,5.3168,5.8601
7,1,3,5.78,5.4653,5.895
8,1,3,6.38,5.819,5.5468
9,1,3,9.85,3.2694,3.2657
10,1,3,7.15,3.1606,3.2146
11,1,3,9.98,3.5876,3.533
12,1,3,11.47,3.3609,3.6404
13,1,3,11.14,3.5335,3.3975
14,1,3,12.15,3.1315,3.1709
15,1,3,8.32,3.7058,3.8427
16,1,3,7.96,3.6148,3.5678
17,1,3,10.4,3.5459,3.7678
18,1,3,8.97,5.5228,5.8151
19,1,3,7.43,7.0988,7.0525
20,1,3,12.04,6.8411,6.9057
21,1,3,8.36,5.8536,6.6967
22,1,3,10.22,1.862,1.8351
23,1,3,10.56,2.3169,2.2154
0,2,3,7.28,1.1224,1.0943
1,2,3,9.57,1.1505,1.3069
2,2,3,11.95,1.1697,1.3221
3,2,3,9.66,1.0388,1.1873
4,2,3,7.5,1.3763,1.3423
5,2,3,7.57,1.0174,1.138
6,2,3,8.87,4.6287,5.4384
7,2,3,7.34,5.8831,6.1556
8,2,3,7.68,4.6576,5.3584
9,2,3,7.52,3.279,3.5018
10,2,3,11.43,3.3951,3.7932
11,2,3,10.41,2.7288,3.1121
12,2,3,11.06,3.8617,3.7589
13,2,3,10.28,3.0115,3.4186
14,2,3,9.52,3.4399,3.3592
15,2,3,7.59,2.9684,3.27
16,2,3,7.79,3.3127,3.8516
17,2,3,8.34,3.2731,3.2337
18,2,3,7.51,6.171,6.6963
19,2,3,5.68,6.2681,7.0556
20,2,3,8.49,5.7316,6.6134
21,2,3,5.03,6.6085,6.9686
22,2,3,10.45,1.9193,1.9273
23,2,3,6.22,1.7673,1.8159
0,3,3,3.45,1.2357,1.3361
1,3,3,6.77,1.1838,1.2108
2,3,3,8.26,1.081,1.2152
3,3,3,5.1,1.2135,1.2965
4,3,3,5.19,1.172,1.3382
5,3,3,11.82,1.0654,1.2289
6,3,3,7.83,5.3943,5.1847
7,3,3,8.88,5.4219,5.8467
8,3,3,7.9,5.083,5.9794
9,3,3,7.21,3.3433,3.3861
10,3,3,7.2,2.8647,3.1357
11,3,3,9.59,3.0822,3.5292
12,3,3,11.14,3.6006,3.6186
13,3,3,10.36,3.0188,3.3565
14,3,3,11.84,2.8727,3.24
15,3,3,8.07,2.8547,3.239
16,3,3,11.23,3.518,3.6177
17,3,3,8.45,3.4136,3.7296
18,3,3,9.21,6.9389,6.8638
19,3,3,5.99,5.6928,6.2792
20,3,3,8.82,5.5206,5.8714
21,3,3,9.53,5.934,5.7262
22,3,3,6.04,1.8637,2.0297
23,3,3,10.13,2.1452,2.188
0,4,3,4.58,1.0924,1.1885
1,4,3,9.23,1.2515,1.3385
2,4,3,8.18,1.1028,1.1793
3,4,3,3.6,1.1611,1.2596
4,4,3,10.88,1.0117,1.1801
5,4,3,6.73,1.2666,1.2897
6,4,3,6.39,5.7656,5.801
7,4,3,7.88,5.5047,5.6622
8,4,3,9.55,4.4623,5.0196
9,4,3,6.93,2.9086,3.1171
10,4,3,8.53,3.019,3.2049
11,4,3,13.98,3.3285,3.505
12,4,3,11.24,2.8461,3.2362
13,4,3,7.9,3.0984,3.4124
14,4,3,8.96,3.2466,3.7907
15,4,3,11.0,2.897,3.288
16,4,3,9.29,3.2579,3.6643
17,4,3,6.07,3.0847,3.4535
18,4,3,9.59,5.6619,5.9477
19,4,3,2.81,5.9095,6.4774
20,4,3,12.1,6.5987,6.3966
21,4,3,3.59,6.2631,6.9969
22,4,3,5.85,1.6778,1.796
23,4,3,9.42,2.0827,2.1623
0,5,3,8.44,0.6645,0.7749
1,5,3,6.96,0.671,0.7729
2,5,3,9.98,0.9085,0.9334
3,5,3,7.91,0.8082,0.9072
4,5,3,6.88,0.8376,0.8112
5,5,3,8.35,0.7591,0.8704
6,5,3,10.61,3.7122,3.6147
7,5,3,7.57,3.4068,3.4382
8,5,3,8.88,3.6004,4.1626
9,5,3,5.74,1.8635,2.178
10,5,3,14.0,2.2147,2.2861
11,5,3,9.47,2.1669,2.1768
12,5,3,11.56,2.5419,2.542
13,5,3,10.82,2.3574,2.6086
14,5,3,10.34,2.2461,2.2069
15,5,3,11.47,2.56,2.4527
16,5,3,3.83,2.6635,2.6798
17,5,3,11.35,2.8195,2.6898
18,5,3,7.91,4.9264,4.8732
19,5,3,6.97,4.4939,4.3085
20,5,3,10.57,4.3416,4.5495
21,5,3,6.72,4.1592,4.793
22,5,3,7.59,1.3956,1.5171
23,5,3,4.68,1.3093,1.2847
0,6,3,9.98,0.761,0.77
1,6,3,8.15,0.839,0.8464
2,6,3,9.09,0.7709,0.8602
3,6,3,7.87,0.7967,0.9136
4,6,3,4.31,0.7913,0.7764
5,6,3,11.42,0.7384,0.8205
6,6,3,8.68,4.0671,4.2728
7,6,3,2.79,3.775,4.0776
8,6,3,9.69,3.2561,3.6993
9,6,3,10.02,2.7524,2.6693
10,6,3,10.13,2.196,2.4216
11,6,3,9.66,2.7049,2.7174
12,6,3,9.56,2.7037,2.6965
13,6,3,11.7,2.201,2.3169
14,6,3,8.03,2.5791,2.7103
15,6,3,12.98,2.3085,2.3607
16,6,3,7.61,2.2851,2.2319
17,6,3,10.82,2.1479,2.4104
18,6,3,6.76,4.8958,4.7706
19,6,3,6.75,5.0201,5.0669
20,6,3,8.42,3.8435,4.2273
21,6,3,7.98,4.0739,4.3222
22,6,3,6.61,1.4971,1.525
23,6,3,8.04,1.3231,1.2902
0,0,3,7.4,1.1424,1.093
1,0,3,6.67,1.0682,1.0954
2,0,3,9.73,1.0618,1.0944
3,0,3,7.69,1.1317,1.2844
4,0,3,5.37,1.1384,1.2903
5,0,3,10.27,1.0091,1.0567
6,0,3,10.45,6.042,5.796
7,0,3,6.29,5.0836,5.6968
8,0,3,8.48,5.4721,5.8413
9,0,3,10.01,3.1106,3.5288
10,0,3,11.85,3.3337,3.2504
11,0,3,7.77,3.217,3.3666
12,0,3,10.95,3.2369,3.7376
13,0,3,10.1,2.9506,3.1761
14,0,3,12.26,2.9781,3.1946
15,0,3,10.75,3.2774,3.1716
16,0,3,14.2,3.2408,3.4064
17,0,3,9.49,3.6647,3.7976
18,0,3,3.69,7.2666,7.141
19,0,3,9.24,5.3471,6.072
20,0,3,5.44,6.3656,6.4511
21,0,3,8.15,5.6055,6.1807
22,0,3,10.97,1.86,1.8913
23,0,3,5.71,1.9762,1.9866
0,1,3,8.22,1.1289,1.2613
1,1,3,11.14,1.14,1.262
2,1,3,5.84,1.172,1.3023
3,1,3,4.76,1.3617,1.3307
4,1,3,7.31,1.2904,1.2309
5,1,3,9.13,0.9357,1.0891
6,1,3,8.59,4.8558,5.3992
7,1,3,11.9,5.5072,5.8397
8,1,3,6.16,6.0704,5.8101
9,1,3,7.49,3.2339,3.2938
10,1,3,10.56,3.5299,3.9125
11,1,3,9.13,3.346,3.7933
12,1,3,12.88,2.8999,3.0903
13,1,3,6.43,3.2832,3.3942
14,1,3,10.76,3.2401,3.3547
15,1,3,10.06,3.2003,3.7293
16,1,3,9.24,3.0186,3.1192
17,1,3,10.38,3.2905,3.7406
18,1,3,9.28,6.0654,6.8933
19,1,3,6.37,6.7258,6.8614
20,1,3,11.11,6.4655,6.1942
21,1,3,9.47,5.1752,5.7894
22,1,3,10.15,2.0394,2.2398
23,1,3,7.48,1.7388,2.0062
